1	main	2048	1	512	   2048x     1x   512 wg=    0 S=1 -> 256x256 :  0.000182 ms    11.523 TFLOPs
1	fix	2048	1	512	GPU coredump: execvp failed: No such file or directory
1	main	2048	128	24	   2048x   128x    24 wg=   16 S=1 -> 128x128 :  0.003978 ms     3.163 TFLOPs
1	fix	2048	128	24	   2048x   128x    24 wg=   16 S=1 -> 128x128 :  0.003838 ms     3.279 TFLOPs
1	main	2048	128	32	   2048x   128x    32 wg=   16 S=1 -> 128x128 :  0.004002 ms     4.192 TFLOPs
1	fix	2048	128	32	   2048x   128x    32 wg=   16 S=1 -> 128x128 :  0.003864 ms     4.342 TFLOPs
1	main	2048	128	64	   2048x   128x    64 wg=   16 S=1 -> 128x128 :  0.003996 ms     8.397 TFLOPs
1	fix	2048	128	64	   2048x   128x    64 wg=   16 S=1 -> 128x128 :  0.003848 ms     8.720 TFLOPs
1	main	2048	128	92	   2048x   128x    92 wg=   16 S=1 -> 128x128 :  0.004028 ms    11.975 TFLOPs
1	fix	2048	128	92	   2048x   128x    92 wg=   16 S=1 -> 128x128 :  0.003856 ms    12.509 TFLOPs
1	main	2048	128	96	   2048x   128x    96 wg=   16 S=1 -> 128x128 :  0.003966 ms    12.691 TFLOPs
1	fix	2048	128	96	   2048x   128x    96 wg=   16 S=1 -> 128x128 :  0.003850 ms    13.073 TFLOPs
1	main	2048	128	104	   2048x   128x   104 wg=   16 S=1 -> 128x128 :  0.004018 ms    13.570 TFLOPs
1	fix	2048	128	104	   2048x   128x   104 wg=   16 S=1 -> 128x128 :  0.003858 ms    14.133 TFLOPs
1	main	2048	128	152	   2048x   128x   152 wg=   16 S=1 -> 128x128 :  0.004008 ms    19.883 TFLOPs
1	fix	2048	128	152	   2048x   128x   152 wg=   16 S=1 -> 128x128 :  0.003858 ms    20.656 TFLOPs
1	main	2048	128	240	   2048x   128x   240 wg=   16 S=1 -> 128x128 :  0.005142 ms    24.471 TFLOPs
1	fix	2048	128	240	   2048x   128x   240 wg=   16 S=1 -> 128x128 :  0.004856 ms    25.912 TFLOPs
1	main	2048	128	520	   2048x   128x   520 wg=   16 S=1 -> 128x128 :  0.006078 ms    44.855 TFLOPs
1	fix	2048	128	520	   2048x   128x   520 wg=   16 S=1 -> 128x128 :  0.005794 ms    47.054 TFLOPs
1	main	2048	128	1840	   2048x   128x  1840 wg=   16 S=1 -> 128x128 :  0.012688 ms    76.032 TFLOPs
1	fix	2048	128	1840	   2048x   128x  1840 wg=   16 S=1 -> 128x128 :  0.012326 ms    78.265 TFLOPs
1	main	2048	256	64	   2048x   256x    64 wg=   16 S=1 -> 128x256 :  0.005228 ms    12.836 TFLOPs
1	fix	2048	256	64	   2048x   256x    64 wg=   16 S=1 -> 128x256 :  0.004934 ms    13.601 TFLOPs
1	main	2048	256	80	   2048x   256x    80 wg=   16 S=1 -> 128x256 :  0.005226 ms    16.052 TFLOPs
1	fix	2048	256	80	   2048x   256x    80 wg=   16 S=1 -> 128x256 :  0.004934 ms    17.001 TFLOPs
1	main	2048	256	96	   2048x   256x    96 wg=   16 S=1 -> 128x256 :  0.005208 ms    19.329 TFLOPs
1	fix	2048	256	96	   2048x   256x    96 wg=   16 S=1 -> 128x256 :  0.004928 ms    20.427 TFLOPs
1	main	2048	256	128	   2048x   256x   128 wg=   16 S=1 -> 128x256 :  0.005224 ms    25.693 TFLOPs
1	fix	2048	256	128	   2048x   256x   128 wg=   16 S=1 -> 128x256 :  0.004926 ms    27.247 TFLOPs
1	main	2048	256	144	   2048x   256x   144 wg=   16 S=1 -> 128x256 :  0.005254 ms    28.739 TFLOPs
1	fix	2048	256	144	   2048x   256x   144 wg=   16 S=1 -> 128x256 :  0.004918 ms    30.703 TFLOPs
1	main	2048	256	160	   2048x   256x   160 wg=   16 S=1 -> 128x256 :  0.005254 ms    31.932 TFLOPs
1	fix	2048	256	160	   2048x   256x   160 wg=   16 S=1 -> 128x256 :  0.004928 ms    34.045 TFLOPs
1	main	2048	256	256	   2048x   256x   256 wg=   16 S=1 -> 128x256 :  0.006786 ms    39.557 TFLOPs
1	fix	2048	256	256	   2048x   256x   256 wg=   16 S=1 -> 128x256 :  0.006214 ms    43.198 TFLOPs
1	main	2048	256	512	   2048x   256x   512 wg=   16 S=1 -> 128x256 :  0.007948 ms    67.548 TFLOPs
1	fix	2048	256	512	   2048x   256x   512 wg=   16 S=1 -> 128x256 :  0.007386 ms    72.688 TFLOPs
1	main	2048	256	2048	   2048x   256x  2048 wg=   16 S=1 -> 128x256 :  0.017508 ms   122.657 TFLOPs
1	fix	2048	256	2048	   2048x   256x  2048 wg=   16 S=1 -> 128x256 :  0.017014 ms   126.219 TFLOPs
1	main	2048	512	2560	   2048x   512x  2560 wg=   32 S=1 -> 128x256 :  0.021286 ms   252.217 TFLOPs
1	fix	2048	512	2560	   2048x   512x  2560 wg=   32 S=1 -> 128x256 :  0.020724 ms   259.057 TFLOPs
1	main	2048	512	6144	   2048x   512x  6144 wg=  128 S=4 -> 128x256 :  0.024052 ms   535.707 TFLOPs
1	fix	2048	512	6144	   2048x   512x  6144 wg=  128 S=4 -> 128x256 :  0.023518 ms   547.873 TFLOPs
1	main	2048	768	24	   2048x   768x    24 wg=   48 S=1 -> 128x256 :  0.005528 ms    13.657 TFLOPs
1	fix	2048	768	24	   2048x   768x    24 wg=   48 S=1 -> 128x256 :  0.005238 ms    14.413 TFLOPs
1	main	2048	768	32	   2048x   768x    32 wg=   48 S=1 -> 128x256 :  0.005500 ms    18.302 TFLOPs
1	fix	2048	768	32	   2048x   768x    32 wg=   48 S=1 -> 128x256 :  0.005202 ms    19.351 TFLOPs
1	main	2048	768	64	   2048x   768x    64 wg=   48 S=1 -> 128x256 :  0.005510 ms    36.538 TFLOPs
1	fix	2048	768	64	   2048x   768x    64 wg=   48 S=1 -> 128x256 :  0.005188 ms    38.806 TFLOPs
1	main	2048	768	92	   2048x   768x    92 wg=   48 S=1 -> 128x256 :  0.005520 ms    52.429 TFLOPs
1	fix	2048	768	92	   2048x   768x    92 wg=   48 S=1 -> 128x256 :  0.005216 ms    55.484 TFLOPs
1	main	2048	768	96	   2048x   768x    96 wg=   48 S=1 -> 128x256 :  0.005524 ms    54.669 TFLOPs
1	fix	2048	768	96	   2048x   768x    96 wg=   48 S=1 -> 128x256 :  0.005200 ms    58.074 TFLOPs
1	main	2048	768	104	   2048x   768x   104 wg=   48 S=1 -> 128x256 :  0.005506 ms    59.418 TFLOPs
1	fix	2048	768	104	   2048x   768x   104 wg=   48 S=1 -> 128x256 :  0.005186 ms    63.084 TFLOPs
1	main	2048	768	152	   2048x   768x   152 wg=   48 S=1 -> 128x256 :  0.005516 ms    86.684 TFLOPs
1	fix	2048	768	152	   2048x   768x   152 wg=   48 S=1 -> 128x256 :  0.005204 ms    91.881 TFLOPs
1	main	2048	768	240	   2048x   768x   240 wg=   48 S=1 -> 128x256 :  0.007082 ms   106.604 TFLOPs
1	fix	2048	768	240	   2048x   768x   240 wg=   48 S=1 -> 128x256 :  0.006484 ms   116.437 TFLOPs
1	main	2048	768	520	   2048x   768x   520 wg=   48 S=1 -> 128x256 :  0.008234 ms   198.661 TFLOPs
1	fix	2048	768	520	   2048x   768x   520 wg=   48 S=1 -> 128x256 :  0.007682 ms   212.937 TFLOPs
1	main	2048	768	1840	   2048x   768x  1840 wg=   48 S=1 -> 128x256 :  0.016734 ms   345.891 TFLOPs
1	fix	2048	768	1840	   2048x   768x  1840 wg=   48 S=1 -> 128x256 :  0.016166 ms   358.044 TFLOPs
1	main	2048	1024	1024	   2048x  1024x  1024 wg=   64 S=1 -> 128x256 :  0.012036 ms   356.842 TFLOPs
1	fix	2048	1024	1024	   2048x  1024x  1024 wg=   64 S=1 -> 128x256 :  0.011444 ms   375.301 TFLOPs
1	main	2048	1024	3490	   2048x  1024x  3490 wg=  128 S=2 -> 128x256 :  0.027272 ms   536.744 TFLOPs
1	fix	2048	1024	3490	   2048x  1024x  3490 wg=  128 S=2 -> 128x256 :  0.026714 ms   547.955 TFLOPs
1	main	2048	1024	12288	   2048x  1024x 12288 wg=  256 S=4 -> 128x256 :  0.045534 ms  1131.892 TFLOPs
1	fix	2048	1024	12288	   2048x  1024x 12288 wg=  256 S=4 -> 128x256 :  0.045616 ms  1129.853 TFLOPs
1	main	2048	1024	16128	   2048x  1024x 16128 wg=  256 S=4 -> 128x256 :  0.052642 ms  1285.011 TFLOPs
1	fix	2048	1024	16128	   2048x  1024x 16128 wg=  256 S=4 -> 128x256 :  0.053762 ms  1258.236 TFLOPs
1	main	2048	1024	105728	   2048x  1024x105728 wg=  256 S=4 -> 128x256 :  0.315853 ms  1403.993 TFLOPs
1	fix	2048	1024	105728	   2048x  1024x105728 wg=  256 S=4 -> 128x256 :  0.317142 ms  1398.287 TFLOPs
1	main	2048	2048	3490	   2048x  2048x  3490 wg=  256 S=2 -> 128x256 :  0.036296 ms   806.596 TFLOPs
1	fix	2048	2048	3490	   2048x  2048x  3490 wg=  256 S=2 -> 128x256 :  0.036892 ms   793.562 TFLOPs
1	main	2048	3490	1024	   2048x  3490x  1024 wg=  104 S=1 -> 256x256 :  0.019818 ms   738.628 TFLOPs
1	fix	2048	3490	1024	   2048x  3490x  1024 wg=  104 S=1 -> 256x256 :  0.019686 ms   743.580 TFLOPs
1	main	2048	4096	4096	   2048x  4096x  4096 wg=  256 S=1 -> 128x256 :  0.042502 ms  1616.845 TFLOPs
1	fix	2048	4096	4096	   2048x  4096x  4096 wg=  256 S=1 -> 128x256 :  0.041716 ms  1647.315 TFLOPs
1	main	2048	6144	512	   2048x  6144x   512 wg=  256 S=1 -> 128x384 :  0.015986 ms   806.012 TFLOPs
1	fix	2048	6144	512	   2048x  6144x   512 wg=  256 S=1 -> 128x384 :  0.018736 ms   687.706 TFLOPs
1	main	2048	6144	4096	   2048x  6144x  4096 wg=  256 S=1 -> 128x384 :  0.056984 ms  1808.909 TFLOPs
1	fix	2048	6144	4096	   2048x  6144x  4096 wg=  256 S=1 -> 128x384 :  0.051378 ms  2006.279 TFLOPs
1	main	2048	6144	16128	   2048x  6144x 16128 wg=  256 S=1 -> 128x384 :  0.208977 ms  1942.197 TFLOPs
1	fix	2048	6144	16128	   2048x  6144x 16128 wg=  256 S=1 -> 128x384 :  0.198743 ms  2042.208 TFLOPs
1	main	2048	6144	105728	   2048x  6144x105728 wg=  768 S=1 -> 128x128 :  1.890401 ms  1407.496 TFLOPs
1	fix	2048	6144	105728	   2048x  6144x105728 wg=  256 S=1 -> 128x384 :  1.312899 ms  2026.608 TFLOPs
1	main	2048	12672	1024	   2048x 12672x  1024 wg=  528 S=1 -> 128x384 :  0.053848 ms   987.039 TFLOPs
1	fix	2048	12672	1024	   2048x 12672x  1024 wg=  528 S=1 -> 128x384 :  0.050112 ms  1060.622 TFLOPs
1	main	2048	16128	1024	   2048x 16128x  1024 wg=  504 S=1 -> 256x256 :  0.055220 ms  1225.025 TFLOPs
1	fix	2048	16128	1024	   2048x 16128x  1024 wg=  504 S=1 -> 256x256 :  0.047862 ms  1413.348 TFLOPs
1	main	2048	16384	1024	   2048x 16384x  1024 wg=  512 S=1 -> 256x256 :  0.053594 ms  1282.218 TFLOPs
1	fix	2048	16384	1024	   2048x 16384x  1024 wg=  512 S=1 -> 256x256 :  0.048384 ms  1420.288 TFLOPs
1	main	2048	20480	6144	   2048x 20480x  6144 wg=  640 S=1 -> 256x256 :  0.276923 ms  1861.151 TFLOPs
1	fix	2048	20480	6144	   2048x 20480x  6144 wg=  640 S=1 -> 256x256 :  0.264430 ms  1949.083 TFLOPs
1	main	2048	102272	1024	   2048x102272x  1024 wg=12784 S=1 -> 128x128 :  0.424794 ms  1009.807 TFLOPs
1	fix	2048	102272	1024	   2048x102272x  1024 wg= 3192 S=1 -> 256x256 :  0.329311 ms  1302.597 TFLOPs
1	main	2048	105728	1024	   2048x105728x  1024 wg= 3304 S=1 -> 256x256 :  0.379672 ms  1167.997 TFLOPs
1	fix	2048	105728	1024	   2048x105728x  1024 wg= 3304 S=1 -> 256x256 :  0.332940 ms  1331.939 TFLOPs
2	main	2048	1	512	   2048x     1x   512 wg=    0 S=1 -> 256x256 :  0.000182 ms    11.523 TFLOPs
2	fix	2048	1	512	GPU coredump: execvp failed: No such file or directory
2	main	2048	128	24	   2048x   128x    24 wg=   16 S=1 -> 128x128 :  0.003992 ms     3.152 TFLOPs
2	fix	2048	128	24	   2048x   128x    24 wg=   16 S=1 -> 128x128 :  0.003852 ms     3.267 TFLOPs
2	main	2048	128	32	   2048x   128x    32 wg=   16 S=1 -> 128x128 :  0.003992 ms     4.203 TFLOPs
2	fix	2048	128	32	   2048x   128x    32 wg=   16 S=1 -> 128x128 :  0.003858 ms     4.349 TFLOPs
2	main	2048	128	64	   2048x   128x    64 wg=   16 S=1 -> 128x128 :  0.003984 ms     8.422 TFLOPs
2	fix	2048	128	64	   2048x   128x    64 wg=   16 S=1 -> 128x128 :  0.003854 ms     8.706 TFLOPs
2	main	2048	128	92	   2048x   128x    92 wg=   16 S=1 -> 128x128 :  0.003990 ms    12.089 TFLOPs
2	fix	2048	128	92	   2048x   128x    92 wg=   16 S=1 -> 128x128 :  0.003844 ms    12.548 TFLOPs
2	main	2048	128	96	   2048x   128x    96 wg=   16 S=1 -> 128x128 :  0.003970 ms    12.678 TFLOPs
2	fix	2048	128	96	   2048x   128x    96 wg=   16 S=1 -> 128x128 :  0.003864 ms    13.026 TFLOPs
2	main	2048	128	104	   2048x   128x   104 wg=   16 S=1 -> 128x128 :  0.004014 ms    13.584 TFLOPs
2	fix	2048	128	104	   2048x   128x   104 wg=   16 S=1 -> 128x128 :  0.003854 ms    14.148 TFLOPs
2	main	2048	128	152	   2048x   128x   152 wg=   16 S=1 -> 128x128 :  0.004034 ms    19.755 TFLOPs
2	fix	2048	128	152	   2048x   128x   152 wg=   16 S=1 -> 128x128 :  0.003854 ms    20.678 TFLOPs
2	main	2048	128	240	   2048x   128x   240 wg=   16 S=1 -> 128x128 :  0.005144 ms    24.461 TFLOPs
2	fix	2048	128	240	   2048x   128x   240 wg=   16 S=1 -> 128x128 :  0.004830 ms    26.052 TFLOPs
2	main	2048	128	520	   2048x   128x   520 wg=   16 S=1 -> 128x128 :  0.006102 ms    44.679 TFLOPs
2	fix	2048	128	520	   2048x   128x   520 wg=   16 S=1 -> 128x128 :  0.005770 ms    47.249 TFLOPs
2	main	2048	128	1840	   2048x   128x  1840 wg=   16 S=1 -> 128x128 :  0.012694 ms    75.995 TFLOPs
2	fix	2048	128	1840	   2048x   128x  1840 wg=   16 S=1 -> 128x128 :  0.012318 ms    78.315 TFLOPs
2	main	2048	256	64	   2048x   256x    64 wg=   16 S=1 -> 128x256 :  0.005212 ms    12.876 TFLOPs
2	fix	2048	256	64	   2048x   256x    64 wg=   16 S=1 -> 128x256 :  0.004920 ms    13.640 TFLOPs
2	main	2048	256	80	   2048x   256x    80 wg=   16 S=1 -> 128x256 :  0.005202 ms    16.126 TFLOPs
2	fix	2048	256	80	   2048x   256x    80 wg=   16 S=1 -> 128x256 :  0.004934 ms    17.002 TFLOPs
2	main	2048	256	96	   2048x   256x    96 wg=   16 S=1 -> 128x256 :  0.005234 ms    19.233 TFLOPs
2	fix	2048	256	96	   2048x   256x    96 wg=   16 S=1 -> 128x256 :  0.004920 ms    20.460 TFLOPs
2	main	2048	256	128	   2048x   256x   128 wg=   16 S=1 -> 128x256 :  0.005236 ms    25.634 TFLOPs
2	fix	2048	256	128	   2048x   256x   128 wg=   16 S=1 -> 128x256 :  0.004934 ms    27.202 TFLOPs
2	main	2048	256	144	   2048x   256x   144 wg=   16 S=1 -> 128x256 :  0.005218 ms    28.937 TFLOPs
2	fix	2048	256	144	   2048x   256x   144 wg=   16 S=1 -> 128x256 :  0.004936 ms    30.591 TFLOPs
2	main	2048	256	160	   2048x   256x   160 wg=   16 S=1 -> 128x256 :  0.005216 ms    32.165 TFLOPs
2	fix	2048	256	160	   2048x   256x   160 wg=   16 S=1 -> 128x256 :  0.004914 ms    34.142 TFLOPs
2	main	2048	256	256	   2048x   256x   256 wg=   16 S=1 -> 128x256 :  0.006796 ms    39.499 TFLOPs
2	fix	2048	256	256	   2048x   256x   256 wg=   16 S=1 -> 128x256 :  0.006232 ms    43.073 TFLOPs
2	main	2048	256	512	   2048x   256x   512 wg=   16 S=1 -> 128x256 :  0.007928 ms    67.718 TFLOPs
2	fix	2048	256	512	   2048x   256x   512 wg=   16 S=1 -> 128x256 :  0.007376 ms    72.786 TFLOPs
2	main	2048	256	2048	   2048x   256x  2048 wg=   16 S=1 -> 128x256 :  0.017524 ms   122.545 TFLOPs
2	fix	2048	256	2048	   2048x   256x  2048 wg=   16 S=1 -> 128x256 :  0.017010 ms   126.248 TFLOPs
2	main	2048	512	2560	   2048x   512x  2560 wg=   32 S=1 -> 128x256 :  0.021294 ms   252.122 TFLOPs
2	fix	2048	512	2560	   2048x   512x  2560 wg=   32 S=1 -> 128x256 :  0.020744 ms   258.808 TFLOPs
2	main	2048	512	6144	   2048x   512x  6144 wg=  128 S=4 -> 128x256 :  0.024008 ms   536.694 TFLOPs
2	fix	2048	512	6144	   2048x   512x  6144 wg=  128 S=4 -> 128x256 :  0.023538 ms   547.406 TFLOPs
2	main	2048	768	24	   2048x   768x    24 wg=   48 S=1 -> 128x256 :  0.005530 ms    13.652 TFLOPs
2	fix	2048	768	24	   2048x   768x    24 wg=   48 S=1 -> 128x256 :  0.005262 ms    14.348 TFLOPs
2	main	2048	768	32	   2048x   768x    32 wg=   48 S=1 -> 128x256 :  0.005524 ms    18.223 TFLOPs
2	fix	2048	768	32	   2048x   768x    32 wg=   48 S=1 -> 128x256 :  0.005198 ms    19.366 TFLOPs
2	main	2048	768	64	   2048x   768x    64 wg=   48 S=1 -> 128x256 :  0.005502 ms    36.592 TFLOPs
2	fix	2048	768	64	   2048x   768x    64 wg=   48 S=1 -> 128x256 :  0.005204 ms    38.687 TFLOPs
2	main	2048	768	92	   2048x   768x    92 wg=   48 S=1 -> 128x256 :  0.005516 ms    52.467 TFLOPs
2	fix	2048	768	92	   2048x   768x    92 wg=   48 S=1 -> 128x256 :  0.005204 ms    55.612 TFLOPs
2	main	2048	768	96	   2048x   768x    96 wg=   48 S=1 -> 128x256 :  0.005506 ms    54.847 TFLOPs
2	fix	2048	768	96	   2048x   768x    96 wg=   48 S=1 -> 128x256 :  0.005190 ms    58.187 TFLOPs
2	main	2048	768	104	   2048x   768x   104 wg=   48 S=1 -> 128x256 :  0.005504 ms    59.440 TFLOPs
2	fix	2048	768	104	   2048x   768x   104 wg=   48 S=1 -> 128x256 :  0.005198 ms    62.939 TFLOPs
2	main	2048	768	152	   2048x   768x   152 wg=   48 S=1 -> 128x256 :  0.005492 ms    87.065 TFLOPs
2	fix	2048	768	152	   2048x   768x   152 wg=   48 S=1 -> 128x256 :  0.005198 ms    91.987 TFLOPs
2	main	2048	768	240	   2048x   768x   240 wg=   48 S=1 -> 128x256 :  0.007064 ms   106.876 TFLOPs
2	fix	2048	768	240	   2048x   768x   240 wg=   48 S=1 -> 128x256 :  0.006494 ms   116.257 TFLOPs
2	main	2048	768	520	   2048x   768x   520 wg=   48 S=1 -> 128x256 :  0.008230 ms   198.758 TFLOPs
2	fix	2048	768	520	   2048x   768x   520 wg=   48 S=1 -> 128x256 :  0.007642 ms   214.047 TFLOPs
2	main	2048	768	1840	   2048x   768x  1840 wg=   48 S=1 -> 128x256 :  0.016750 ms   345.560 TFLOPs
2	fix	2048	768	1840	   2048x   768x  1840 wg=   48 S=1 -> 128x256 :  0.016180 ms   357.732 TFLOPs
2	main	2048	1024	1024	   2048x  1024x  1024 wg=   64 S=1 -> 128x256 :  0.012056 ms   356.250 TFLOPs
2	fix	2048	1024	1024	   2048x  1024x  1024 wg=   64 S=1 -> 128x256 :  0.011466 ms   374.583 TFLOPs
2	main	2048	1024	3490	   2048x  1024x  3490 wg=  128 S=2 -> 128x256 :  0.027222 ms   537.728 TFLOPs
2	fix	2048	1024	3490	   2048x  1024x  3490 wg=  128 S=2 -> 128x256 :  0.026742 ms   547.380 TFLOPs
2	main	2048	1024	12288	   2048x  1024x 12288 wg=  256 S=4 -> 128x256 :  0.045640 ms  1129.262 TFLOPs
2	fix	2048	1024	12288	   2048x  1024x 12288 wg=  256 S=4 -> 128x256 :  0.045550 ms  1131.492 TFLOPs
2	main	2048	1024	16128	   2048x  1024x 16128 wg=  256 S=4 -> 128x256 :  0.053978 ms  1253.204 TFLOPs
2	fix	2048	1024	16128	   2048x  1024x 16128 wg=  256 S=4 -> 128x256 :  0.053030 ms  1275.608 TFLOPs
2	main	2048	1024	105728	   2048x  1024x105728 wg=  256 S=4 -> 128x256 :  0.317396 ms  1397.166 TFLOPs
2	fix	2048	1024	105728	   2048x  1024x105728 wg=  256 S=4 -> 128x256 :  0.312717 ms  1418.071 TFLOPs
2	main	2048	2048	3490	   2048x  2048x  3490 wg=  256 S=2 -> 128x256 :  0.035966 ms   813.993 TFLOPs
2	fix	2048	2048	3490	   2048x  2048x  3490 wg=  256 S=2 -> 128x256 :  0.035942 ms   814.537 TFLOPs
2	main	2048	3490	1024	   2048x  3490x  1024 wg=  104 S=1 -> 256x256 :  0.019844 ms   737.660 TFLOPs
2	fix	2048	3490	1024	   2048x  3490x  1024 wg=  104 S=1 -> 256x256 :  0.019668 ms   744.257 TFLOPs
2	main	2048	4096	4096	   2048x  4096x  4096 wg=  256 S=1 -> 128x256 :  0.042700 ms  1609.348 TFLOPs
2	fix	2048	4096	4096	   2048x  4096x  4096 wg=  256 S=1 -> 128x256 :  0.041532 ms  1654.607 TFLOPs
2	main	2048	6144	512	   2048x  6144x   512 wg=  256 S=1 -> 128x384 :  0.017128 ms   752.273 TFLOPs
2	fix	2048	6144	512	   2048x  6144x   512 wg=  256 S=1 -> 128x384 :  0.019114 ms   674.105 TFLOPs
2	main	2048	6144	4096	   2048x  6144x  4096 wg=  256 S=1 -> 128x384 :  0.059040 ms  1745.920 TFLOPs
2	fix	2048	6144	4096	   2048x  6144x  4096 wg=  256 S=1 -> 128x384 :  0.050602 ms  2037.054 TFLOPs
2	main	2048	6144	16128	   2048x  6144x 16128 wg=  256 S=1 -> 128x384 :  0.206387 ms  1966.570 TFLOPs
2	fix	2048	6144	16128	   2048x  6144x 16128 wg=  256 S=1 -> 128x384 :  0.203396 ms  1995.493 TFLOPs
2	main	2048	6144	105728	   2048x  6144x105728 wg=  768 S=1 -> 128x128 :  1.894452 ms  1404.486 TFLOPs
2	fix	2048	6144	105728	   2048x  6144x105728 wg=  256 S=1 -> 128x384 :  1.312374 ms  2027.419 TFLOPs
2	main	2048	12672	1024	   2048x 12672x  1024 wg=  528 S=1 -> 128x384 :  0.053680 ms   990.126 TFLOPs
2	fix	2048	12672	1024	   2048x 12672x  1024 wg=  528 S=1 -> 128x384 :  0.051650 ms  1029.041 TFLOPs
2	main	2048	16128	1024	   2048x 16128x  1024 wg=  504 S=1 -> 256x256 :  0.055632 ms  1215.952 TFLOPs
2	fix	2048	16128	1024	   2048x 16128x  1024 wg=  504 S=1 -> 256x256 :  0.047436 ms  1426.041 TFLOPs
2	main	2048	16384	1024	   2048x 16384x  1024 wg=  512 S=1 -> 256x256 :  0.054076 ms  1270.790 TFLOPs
2	fix	2048	16384	1024	   2048x 16384x  1024 wg=  512 S=1 -> 256x256 :  0.047774 ms  1438.418 TFLOPs
2	main	2048	20480	6144	   2048x 20480x  6144 wg=  640 S=1 -> 256x256 :  0.279066 ms  1846.862 TFLOPs
2	fix	2048	20480	6144	   2048x 20480x  6144 wg=  640 S=1 -> 256x256 :  0.263619 ms  1955.081 TFLOPs
2	main	2048	102272	1024	   2048x102272x  1024 wg=12784 S=1 -> 128x128 :  0.425720 ms  1007.610 TFLOPs
2	fix	2048	102272	1024	   2048x102272x  1024 wg= 3192 S=1 -> 256x256 :  0.330251 ms  1298.889 TFLOPs
2	main	2048	105728	1024	   2048x105728x  1024 wg= 3304 S=1 -> 256x256 :  0.379642 ms  1168.090 TFLOPs
2	fix	2048	105728	1024	   2048x105728x  1024 wg= 3304 S=1 -> 256x256 :  0.331414 ms  1338.073 TFLOPs
3	main	2048	1	512	   2048x     1x   512 wg=    0 S=1 -> 256x256 :  0.000186 ms    11.275 TFLOPs
3	fix	2048	1	512	GPU coredump: execvp failed: No such file or directory
3	main	2048	128	24	   2048x   128x    24 wg=   16 S=1 -> 128x128 :  0.003990 ms     3.154 TFLOPs
3	fix	2048	128	24	   2048x   128x    24 wg=   16 S=1 -> 128x128 :  0.003854 ms     3.265 TFLOPs
3	main	2048	128	32	   2048x   128x    32 wg=   16 S=1 -> 128x128 :  0.004002 ms     4.192 TFLOPs
3	fix	2048	128	32	   2048x   128x    32 wg=   16 S=1 -> 128x128 :  0.003858 ms     4.349 TFLOPs
3	main	2048	128	64	   2048x   128x    64 wg=   16 S=1 -> 128x128 :  0.003996 ms     8.397 TFLOPs
3	fix	2048	128	64	   2048x   128x    64 wg=   16 S=1 -> 128x128 :  0.003838 ms     8.743 TFLOPs
3	main	2048	128	92	   2048x   128x    92 wg=   16 S=1 -> 128x128 :  0.003984 ms    12.107 TFLOPs
3	fix	2048	128	92	   2048x   128x    92 wg=   16 S=1 -> 128x128 :  0.003872 ms    12.457 TFLOPs
3	main	2048	128	96	   2048x   128x    96 wg=   16 S=1 -> 128x128 :  0.003994 ms    12.602 TFLOPs
3	fix	2048	128	96	   2048x   128x    96 wg=   16 S=1 -> 128x128 :  0.003848 ms    13.080 TFLOPs
3	main	2048	128	104	   2048x   128x   104 wg=   16 S=1 -> 128x128 :  0.004016 ms    13.577 TFLOPs
3	fix	2048	128	104	   2048x   128x   104 wg=   16 S=1 -> 128x128 :  0.003850 ms    14.163 TFLOPs
3	main	2048	128	152	   2048x   128x   152 wg=   16 S=1 -> 128x128 :  0.003992 ms    19.963 TFLOPs
3	fix	2048	128	152	   2048x   128x   152 wg=   16 S=1 -> 128x128 :  0.003832 ms    20.796 TFLOPs
3	main	2048	128	240	   2048x   128x   240 wg=   16 S=1 -> 128x128 :  0.005118 ms    24.586 TFLOPs
3	fix	2048	128	240	   2048x   128x   240 wg=   16 S=1 -> 128x128 :  0.004860 ms    25.891 TFLOPs
3	main	2048	128	520	   2048x   128x   520 wg=   16 S=1 -> 128x128 :  0.006100 ms    44.694 TFLOPs
3	fix	2048	128	520	   2048x   128x   520 wg=   16 S=1 -> 128x128 :  0.005754 ms    47.381 TFLOPs
3	main	2048	128	1840	   2048x   128x  1840 wg=   16 S=1 -> 128x128 :  0.012696 ms    75.984 TFLOPs
3	fix	2048	128	1840	   2048x   128x  1840 wg=   16 S=1 -> 128x128 :  0.012300 ms    78.430 TFLOPs
3	main	2048	256	64	   2048x   256x    64 wg=   16 S=1 -> 128x256 :  0.005234 ms    12.822 TFLOPs
3	fix	2048	256	64	   2048x   256x    64 wg=   16 S=1 -> 128x256 :  0.004934 ms    13.601 TFLOPs
3	main	2048	256	80	   2048x   256x    80 wg=   16 S=1 -> 128x256 :  0.005240 ms    16.009 TFLOPs
3	fix	2048	256	80	   2048x   256x    80 wg=   16 S=1 -> 128x256 :  0.004940 ms    16.981 TFLOPs
3	main	2048	256	96	   2048x   256x    96 wg=   16 S=1 -> 128x256 :  0.005230 ms    19.247 TFLOPs
3	fix	2048	256	96	   2048x   256x    96 wg=   16 S=1 -> 128x256 :  0.004922 ms    20.452 TFLOPs
3	main	2048	256	128	   2048x   256x   128 wg=   16 S=1 -> 128x256 :  0.005220 ms    25.712 TFLOPs
3	fix	2048	256	128	   2048x   256x   128 wg=   16 S=1 -> 128x256 :  0.004950 ms    27.115 TFLOPs
3	main	2048	256	144	   2048x   256x   144 wg=   16 S=1 -> 128x256 :  0.005230 ms    28.871 TFLOPs
3	fix	2048	256	144	   2048x   256x   144 wg=   16 S=1 -> 128x256 :  0.004938 ms    30.578 TFLOPs
3	main	2048	256	160	   2048x   256x   160 wg=   16 S=1 -> 128x256 :  0.005224 ms    32.116 TFLOPs
3	fix	2048	256	160	   2048x   256x   160 wg=   16 S=1 -> 128x256 :  0.004910 ms    34.169 TFLOPs
3	main	2048	256	256	   2048x   256x   256 wg=   16 S=1 -> 128x256 :  0.006782 ms    39.581 TFLOPs
3	fix	2048	256	256	   2048x   256x   256 wg=   16 S=1 -> 128x256 :  0.006228 ms    43.101 TFLOPs
3	main	2048	256	512	   2048x   256x   512 wg=   16 S=1 -> 128x256 :  0.007944 ms    67.582 TFLOPs
3	fix	2048	256	512	   2048x   256x   512 wg=   16 S=1 -> 128x256 :  0.007392 ms    72.629 TFLOPs
3	main	2048	256	2048	   2048x   256x  2048 wg=   16 S=1 -> 128x256 :  0.017540 ms   122.433 TFLOPs
3	fix	2048	256	2048	   2048x   256x  2048 wg=   16 S=1 -> 128x256 :  0.017018 ms   126.189 TFLOPs
3	main	2048	512	2560	   2048x   512x  2560 wg=   32 S=1 -> 128x256 :  0.021316 ms   251.863 TFLOPs
3	fix	2048	512	2560	   2048x   512x  2560 wg=   32 S=1 -> 128x256 :  0.020724 ms   259.056 TFLOPs
3	main	2048	512	6144	   2048x   512x  6144 wg=  128 S=4 -> 128x256 :  0.024030 ms   536.198 TFLOPs
3	fix	2048	512	6144	   2048x   512x  6144 wg=  128 S=4 -> 128x256 :  0.023512 ms   548.013 TFLOPs
3	main	2048	768	24	   2048x   768x    24 wg=   48 S=1 -> 128x256 :  0.005502 ms    13.722 TFLOPs
3	fix	2048	768	24	   2048x   768x    24 wg=   48 S=1 -> 128x256 :  0.005194 ms    14.536 TFLOPs
3	main	2048	768	32	   2048x   768x    32 wg=   48 S=1 -> 128x256 :  0.005514 ms    18.256 TFLOPs
3	fix	2048	768	32	   2048x   768x    32 wg=   48 S=1 -> 128x256 :  0.005214 ms    19.306 TFLOPs
3	main	2048	768	64	   2048x   768x    64 wg=   48 S=1 -> 128x256 :  0.005508 ms    36.552 TFLOPs
3	fix	2048	768	64	   2048x   768x    64 wg=   48 S=1 -> 128x256 :  0.005186 ms    38.821 TFLOPs
3	main	2048	768	92	   2048x   768x    92 wg=   48 S=1 -> 128x256 :  0.005486 ms    52.753 TFLOPs
3	fix	2048	768	92	   2048x   768x    92 wg=   48 S=1 -> 128x256 :  0.005198 ms    55.677 TFLOPs
3	main	2048	768	96	   2048x   768x    96 wg=   48 S=1 -> 128x256 :  0.005504 ms    54.867 TFLOPs
3	fix	2048	768	96	   2048x   768x    96 wg=   48 S=1 -> 128x256 :  0.005262 ms    57.390 TFLOPs
3	main	2048	768	104	   2048x   768x   104 wg=   48 S=1 -> 128x256 :  0.005508 ms    59.396 TFLOPs
3	fix	2048	768	104	   2048x   768x   104 wg=   48 S=1 -> 128x256 :  0.005198 ms    62.939 TFLOPs
3	main	2048	768	152	   2048x   768x   152 wg=   48 S=1 -> 128x256 :  0.005506 ms    86.841 TFLOPs
3	fix	2048	768	152	   2048x   768x   152 wg=   48 S=1 -> 128x256 :  0.005192 ms    92.094 TFLOPs
3	main	2048	768	240	   2048x   768x   240 wg=   48 S=1 -> 128x256 :  0.007080 ms   106.635 TFLOPs
3	fix	2048	768	240	   2048x   768x   240 wg=   48 S=1 -> 128x256 :  0.006492 ms   116.292 TFLOPs
3	main	2048	768	520	   2048x   768x   520 wg=   48 S=1 -> 128x256 :  0.008210 ms   199.242 TFLOPs
3	fix	2048	768	520	   2048x   768x   520 wg=   48 S=1 -> 128x256 :  0.007654 ms   213.714 TFLOPs
3	main	2048	768	1840	   2048x   768x  1840 wg=   48 S=1 -> 128x256 :  0.016742 ms   345.726 TFLOPs
3	fix	2048	768	1840	   2048x   768x  1840 wg=   48 S=1 -> 128x256 :  0.016156 ms   358.266 TFLOPs
3	main	2048	1024	1024	   2048x  1024x  1024 wg=   64 S=1 -> 128x256 :  0.012038 ms   356.784 TFLOPs
3	fix	2048	1024	1024	   2048x  1024x  1024 wg=   64 S=1 -> 128x256 :  0.011440 ms   375.431 TFLOPs
3	main	2048	1024	3490	   2048x  1024x  3490 wg=  128 S=2 -> 128x256 :  0.027194 ms   538.284 TFLOPs
3	fix	2048	1024	3490	   2048x  1024x  3490 wg=  128 S=2 -> 128x256 :  0.026696 ms   548.322 TFLOPs
3	main	2048	1024	12288	   2048x  1024x 12288 wg=  256 S=4 -> 128x256 :  0.045316 ms  1137.333 TFLOPs
3	fix	2048	1024	12288	   2048x  1024x 12288 wg=  256 S=4 -> 128x256 :  0.045116 ms  1142.375 TFLOPs
3	main	2048	1024	16128	   2048x  1024x 16128 wg=  256 S=4 -> 128x256 :  0.052008 ms  1300.677 TFLOPs
3	fix	2048	1024	16128	   2048x  1024x 16128 wg=  256 S=4 -> 128x256 :  0.053524 ms  1263.829 TFLOPs
3	main	2048	1024	105728	   2048x  1024x105728 wg=  256 S=4 -> 128x256 :  0.320472 ms  1383.755 TFLOPs
3	fix	2048	1024	105728	   2048x  1024x105728 wg=  256 S=4 -> 128x256 :  0.319650 ms  1387.315 TFLOPs
3	main	2048	2048	3490	   2048x  2048x  3490 wg=  256 S=2 -> 128x256 :  0.035894 ms   815.629 TFLOPs
3	fix	2048	2048	3490	   2048x  2048x  3490 wg=  256 S=2 -> 128x256 :  0.034692 ms   843.885 TFLOPs
3	main	2048	3490	1024	   2048x  3490x  1024 wg=  104 S=1 -> 256x256 :  0.019814 ms   738.775 TFLOPs
3	fix	2048	3490	1024	   2048x  3490x  1024 wg=  104 S=1 -> 256x256 :  0.019610 ms   746.460 TFLOPs
3	main	2048	4096	4096	   2048x  4096x  4096 wg=  256 S=1 -> 128x256 :  0.042062 ms  1633.759 TFLOPs
3	fix	2048	4096	4096	   2048x  4096x  4096 wg=  256 S=1 -> 128x256 :  0.042210 ms  1628.032 TFLOPs
3	main	2048	6144	512	   2048x  6144x   512 wg=  256 S=1 -> 128x384 :  0.016786 ms   767.594 TFLOPs
3	fix	2048	6144	512	   2048x  6144x   512 wg=  256 S=1 -> 128x384 :  0.017090 ms   753.942 TFLOPs
3	main	2048	6144	4096	   2048x  6144x  4096 wg=  256 S=1 -> 128x384 :  0.058071 ms  1775.069 TFLOPs
3	fix	2048	6144	4096	   2048x  6144x  4096 wg=  256 S=1 -> 128x384 :  0.050130 ms  2056.226 TFLOPs
3	main	2048	6144	16128	   2048x  6144x 16128 wg=  256 S=1 -> 128x384 :  0.207995 ms  1951.365 TFLOPs
3	fix	2048	6144	16128	   2048x  6144x 16128 wg=  256 S=1 -> 128x384 :  0.197637 ms  2053.633 TFLOPs
3	main	2048	6144	105728	   2048x  6144x105728 wg=  768 S=1 -> 128x128 :  1.900228 ms  1400.217 TFLOPs
3	fix	2048	6144	105728	   2048x  6144x105728 wg=  256 S=1 -> 128x384 :  1.315044 ms  2023.303 TFLOPs
3	main	2048	12672	1024	   2048x 12672x  1024 wg=  528 S=1 -> 128x384 :  0.053926 ms   985.611 TFLOPs
3	fix	2048	12672	1024	   2048x 12672x  1024 wg=  528 S=1 -> 128x384 :  0.050774 ms  1046.793 TFLOPs
3	main	2048	16128	1024	   2048x 16128x  1024 wg=  504 S=1 -> 256x256 :  0.052466 ms  1289.322 TFLOPs
3	fix	2048	16128	1024	   2048x 16128x  1024 wg=  504 S=1 -> 256x256 :  0.047866 ms  1413.227 TFLOPs
3	main	2048	16384	1024	   2048x 16384x  1024 wg=  512 S=1 -> 256x256 :  0.054026 ms  1271.966 TFLOPs
3	fix	2048	16384	1024	   2048x 16384x  1024 wg=  512 S=1 -> 256x256 :  0.048990 ms  1402.715 TFLOPs
3	main	2048	20480	6144	   2048x 20480x  6144 wg=  640 S=1 -> 256x256 :  0.273994 ms  1881.049 TFLOPs
3	fix	2048	20480	6144	   2048x 20480x  6144 wg=  640 S=1 -> 256x256 :  0.265797 ms  1939.058 TFLOPs
3	main	2048	102272	1024	   2048x102272x  1024 wg=12784 S=1 -> 128x128 :  0.425578 ms  1007.947 TFLOPs
3	fix	2048	102272	1024	   2048x102272x  1024 wg= 3192 S=1 -> 256x256 :  0.329811 ms  1300.622 TFLOPs
3	main	2048	105728	1024	   2048x105728x  1024 wg= 3304 S=1 -> 256x256 :  0.374102 ms  1185.386 TFLOPs
3	fix	2048	105728	1024	   2048x105728x  1024 wg= 3304 S=1 -> 256x256 :  0.332689 ms  1332.943 TFLOPs
