1	main	2048	6144	512	   2048x  6144x   512 wg=  256 S=1 -> 128x384 :  0.016134 ms   798.613 TFLOPs
1	pr7	2048	6144	512	   2048x  6144x   512 wg=  256 S=1 -> 128x384 :  0.015686 ms   821.422 TFLOPs
1	main	2048	2048	3490	   2048x  2048x  3490 wg=  256 S=2 -> 128x256 :  0.035378 ms   827.524 TFLOPs
1	pr7	2048	2048	3490	   2048x  2048x  3490 wg=  256 S=2 -> 128x256 :  0.035306 ms   829.212 TFLOPs
1	main	2048	1024	105728	   2048x  1024x105728 wg=  256 S=4 -> 128x256 :  0.314550 ms  1409.808 TFLOPs
1	pr7	2048	1024	105728	   2048x  1024x105728 wg=  256 S=4 -> 128x256 :  0.319908 ms  1386.195 TFLOPs
1	main	2048	1024	16128	   2048x  1024x 16128 wg=  256 S=4 -> 128x256 :  0.053660 ms  1260.635 TFLOPs
1	pr7	2048	1024	16128	   2048x  1024x 16128 wg=  256 S=4 -> 128x256 :  0.053186 ms  1271.868 TFLOPs
1	main	2048	4096	4096	   2048x  4096x  4096 wg=  256 S=1 -> 128x256 :  0.042682 ms  1610.028 TFLOPs
1	pr7	2048	4096	4096	   2048x  4096x  4096 wg=  256 S=1 -> 128x256 :  0.042252 ms  1626.416 TFLOPs
1	main	2048	128	64	   2048x   128x    64 wg=   16 S=1 -> 128x128 :  0.003994 ms     8.401 TFLOPs
1	pr7	2048	128	64	   2048x   128x    64 wg=    0 S=1 -> 256x256 :  0.008086 ms     4.150 TFLOPs
1	main	2048	128	1840	   2048x   128x  1840 wg=   16 S=1 -> 128x128 :  0.012716 ms    75.864 TFLOPs
1	pr7	2048	128	1840	   2048x   128x  1840 wg=    0 S=1 -> 256x256 :  0.023656 ms    40.780 TFLOPs
2	main	2048	6144	512	   2048x  6144x   512 wg=  256 S=1 -> 128x384 :  0.016270 ms   791.937 TFLOPs
2	pr7	2048	6144	512	   2048x  6144x   512 wg=  256 S=1 -> 128x384 :  0.018346 ms   702.324 TFLOPs
2	main	2048	2048	3490	   2048x  2048x  3490 wg=  256 S=2 -> 128x256 :  0.036016 ms   812.865 TFLOPs
2	pr7	2048	2048	3490	   2048x  2048x  3490 wg=  256 S=2 -> 128x256 :  0.035124 ms   833.509 TFLOPs
2	main	2048	1024	105728	   2048x  1024x105728 wg=  256 S=4 -> 128x256 :  0.319852 ms  1386.440 TFLOPs
2	pr7	2048	1024	105728	   2048x  1024x105728 wg=  256 S=4 -> 128x256 :  0.315683 ms  1404.751 TFLOPs
2	main	2048	1024	16128	   2048x  1024x 16128 wg=  256 S=4 -> 128x256 :  0.053800 ms  1257.347 TFLOPs
2	pr7	2048	1024	16128	   2048x  1024x 16128 wg=  256 S=4 -> 128x256 :  0.053320 ms  1268.671 TFLOPs
2	main	2048	4096	4096	   2048x  4096x  4096 wg=  256 S=1 -> 128x256 :  0.042336 ms  1623.193 TFLOPs
2	pr7	2048	4096	4096	   2048x  4096x  4096 wg=  256 S=1 -> 128x256 :  0.042064 ms  1633.683 TFLOPs
2	main	2048	128	64	   2048x   128x    64 wg=   16 S=1 -> 128x128 :  0.003988 ms     8.414 TFLOPs
2	pr7	2048	128	64	   2048x   128x    64 wg=    0 S=1 -> 256x256 :  0.008070 ms     4.158 TFLOPs
2	main	2048	128	1840	   2048x   128x  1840 wg=   16 S=1 -> 128x128 :  0.012696 ms    75.984 TFLOPs
2	pr7	2048	128	1840	   2048x   128x  1840 wg=    0 S=1 -> 256x256 :  0.023676 ms    40.745 TFLOPs
3	main	2048	6144	512	   2048x  6144x   512 wg=  256 S=1 -> 128x384 :  0.015330 ms   840.497 TFLOPs
3	pr7	2048	6144	512	   2048x  6144x   512 wg=  256 S=1 -> 128x384 :  0.014278 ms   902.424 TFLOPs
3	main	2048	2048	3490	   2048x  2048x  3490 wg=  256 S=2 -> 128x256 :  0.035296 ms   829.445 TFLOPs
3	pr7	2048	2048	3490	   2048x  2048x  3490 wg=  256 S=2 -> 128x256 :  0.034896 ms   838.955 TFLOPs
3	main	2048	1024	105728	   2048x  1024x105728 wg=  256 S=4 -> 128x256 :  0.315810 ms  1404.185 TFLOPs
3	pr7	2048	1024	105728	   2048x  1024x105728 wg=  256 S=4 -> 128x256 :  0.315274 ms  1406.573 TFLOPs
3	main	2048	1024	16128	   2048x  1024x 16128 wg=  256 S=4 -> 128x256 :  0.053434 ms  1265.962 TFLOPs
3	pr7	2048	1024	16128	   2048x  1024x 16128 wg=  256 S=4 -> 128x256 :  0.054146 ms  1249.315 TFLOPs
3	main	2048	4096	4096	   2048x  4096x  4096 wg=  256 S=1 -> 128x256 :  0.042868 ms  1603.041 TFLOPs
3	pr7	2048	4096	4096	   2048x  4096x  4096 wg=  256 S=1 -> 128x256 :  0.042008 ms  1635.859 TFLOPs
3	main	2048	128	64	   2048x   128x    64 wg=   16 S=1 -> 128x128 :  0.003978 ms     8.435 TFLOPs
3	pr7	2048	128	64	   2048x   128x    64 wg=    0 S=1 -> 256x256 :  0.008102 ms     4.141 TFLOPs
3	main	2048	128	1840	   2048x   128x  1840 wg=   16 S=1 -> 128x128 :  0.012702 ms    75.948 TFLOPs
3	pr7	2048	128	1840	   2048x   128x  1840 wg=    0 S=1 -> 256x256 :  0.023668 ms    40.759 TFLOPs
4	main	2048	6144	512	   2048x  6144x   512 wg=  256 S=1 -> 128x384 :  0.016900 ms   762.416 TFLOPs
4	pr7	2048	6144	512	   2048x  6144x   512 wg=  256 S=1 -> 128x384 :  0.017558 ms   733.844 TFLOPs
4	main	2048	2048	3490	   2048x  2048x  3490 wg=  256 S=2 -> 128x256 :  0.035238 ms   830.813 TFLOPs
4	pr7	2048	2048	3490	   2048x  2048x  3490 wg=  256 S=2 -> 128x256 :  0.036098 ms   811.021 TFLOPs
4	main	2048	1024	105728	   2048x  1024x105728 wg=  256 S=4 -> 128x256 :  0.318776 ms  1391.118 TFLOPs
4	pr7	2048	1024	105728	   2048x  1024x105728 wg=  256 S=4 -> 128x256 :  0.316487 ms  1401.182 TFLOPs
4	main	2048	1024	16128	   2048x  1024x 16128 wg=  256 S=4 -> 128x256 :  0.052778 ms  1281.697 TFLOPs
4	pr7	2048	1024	16128	   2048x  1024x 16128 wg=  256 S=4 -> 128x256 :  0.054248 ms  1246.966 TFLOPs
4	main	2048	4096	4096	   2048x  4096x  4096 wg=  256 S=1 -> 128x256 :  0.042250 ms  1626.493 TFLOPs
4	pr7	2048	4096	4096	   2048x  4096x  4096 wg=  256 S=1 -> 128x256 :  0.042642 ms  1611.535 TFLOPs
4	main	2048	128	64	   2048x   128x    64 wg=   16 S=1 -> 128x128 :  0.003984 ms     8.422 TFLOPs
4	pr7	2048	128	64	   2048x   128x    64 wg=    0 S=1 -> 256x256 :  0.008070 ms     4.158 TFLOPs
4	main	2048	128	1840	   2048x   128x  1840 wg=   16 S=1 -> 128x128 :  0.012680 ms    76.079 TFLOPs
4	pr7	2048	128	1840	   2048x   128x  1840 wg=    0 S=1 -> 256x256 :  0.023662 ms    40.769 TFLOPs
5	main	2048	6144	512	   2048x  6144x   512 wg=  256 S=1 -> 128x384 :  0.016366 ms   787.295 TFLOPs
5	pr7	2048	6144	512	   2048x  6144x   512 wg=  256 S=1 -> 128x384 :  0.017730 ms   726.727 TFLOPs
5	main	2048	2048	3490	   2048x  2048x  3490 wg=  256 S=2 -> 128x256 :  0.036312 ms   806.240 TFLOPs
5	pr7	2048	2048	3490	   2048x  2048x  3490 wg=  256 S=2 -> 128x256 :  0.034946 ms   837.755 TFLOPs
5	main	2048	1024	105728	   2048x  1024x105728 wg=  256 S=4 -> 128x256 :  0.319070 ms  1389.838 TFLOPs
5	pr7	2048	1024	105728	   2048x  1024x105728 wg=  256 S=4 -> 128x256 :  0.314027 ms  1412.158 TFLOPs
5	main	2048	1024	16128	   2048x  1024x 16128 wg=  256 S=4 -> 128x256 :  0.052974 ms  1276.961 TFLOPs
5	pr7	2048	1024	16128	   2048x  1024x 16128 wg=  256 S=4 -> 128x256 :  0.054308 ms  1245.591 TFLOPs
5	main	2048	4096	4096	   2048x  4096x  4096 wg=  256 S=1 -> 128x256 :  0.042042 ms  1634.551 TFLOPs
5	pr7	2048	4096	4096	   2048x  4096x  4096 wg=  256 S=1 -> 128x256 :  0.042312 ms  1624.107 TFLOPs
5	main	2048	128	64	   2048x   128x    64 wg=   16 S=1 -> 128x128 :  0.003980 ms     8.431 TFLOPs
5	pr7	2048	128	64	   2048x   128x    64 wg=    0 S=1 -> 256x256 :  0.008092 ms     4.147 TFLOPs
5	main	2048	128	1840	   2048x   128x  1840 wg=   16 S=1 -> 128x128 :  0.012694 ms    75.996 TFLOPs
5	pr7	2048	128	1840	   2048x   128x  1840 wg=    0 S=1 -> 256x256 :  0.023680 ms    40.739 TFLOPs
6	main	2048	6144	512	   2048x  6144x   512 wg=  256 S=1 -> 128x384 :  0.016614 ms   775.543 TFLOPs
6	pr7	2048	6144	512	   2048x  6144x   512 wg=  256 S=1 -> 128x384 :  0.017640 ms   730.432 TFLOPs
6	main	2048	2048	3490	   2048x  2048x  3490 wg=  256 S=2 -> 128x256 :  0.035268 ms   830.105 TFLOPs
6	pr7	2048	2048	3490	   2048x  2048x  3490 wg=  256 S=2 -> 128x256 :  0.035986 ms   813.541 TFLOPs
6	main	2048	1024	105728	   2048x  1024x105728 wg=  256 S=4 -> 128x256 :  0.317588 ms  1396.324 TFLOPs
6	pr7	2048	1024	105728	   2048x  1024x105728 wg=  256 S=4 -> 128x256 :  0.319655 ms  1387.294 TFLOPs
6	main	2048	1024	16128	   2048x  1024x 16128 wg=  256 S=4 -> 128x256 :  0.052636 ms  1285.156 TFLOPs
6	pr7	2048	1024	16128	   2048x  1024x 16128 wg=  256 S=4 -> 128x256 :  0.053570 ms  1262.749 TFLOPs
6	main	2048	4096	4096	   2048x  4096x  4096 wg=  256 S=1 -> 128x256 :  0.042144 ms  1630.580 TFLOPs
6	pr7	2048	4096	4096	   2048x  4096x  4096 wg=  256 S=1 -> 128x256 :  0.041940 ms  1638.511 TFLOPs
6	main	2048	128	64	   2048x   128x    64 wg=   16 S=1 -> 128x128 :  0.003984 ms     8.422 TFLOPs
6	pr7	2048	128	64	   2048x   128x    64 wg=    0 S=1 -> 256x256 :  0.008072 ms     4.157 TFLOPs
6	main	2048	128	1840	   2048x   128x  1840 wg=   16 S=1 -> 128x128 :  0.012692 ms    76.008 TFLOPs
6	pr7	2048	128	1840	   2048x   128x  1840 wg=    0 S=1 -> 256x256 :  0.023666 ms    40.763 TFLOPs
7	main	2048	6144	512	   2048x  6144x   512 wg=  256 S=1 -> 128x384 :  0.016666 ms   773.123 TFLOPs
7	pr7	2048	6144	512	   2048x  6144x   512 wg=  256 S=1 -> 128x384 :  0.018068 ms   713.130 TFLOPs
7	main	2048	2048	3490	   2048x  2048x  3490 wg=  256 S=2 -> 128x256 :  0.036148 ms   809.896 TFLOPs
7	pr7	2048	2048	3490	   2048x  2048x  3490 wg=  256 S=2 -> 128x256 :  0.034834 ms   840.445 TFLOPs
7	main	2048	1024	105728	   2048x  1024x105728 wg=  256 S=4 -> 128x256 :  0.319321 ms  1388.743 TFLOPs
7	pr7	2048	1024	105728	   2048x  1024x105728 wg=  256 S=4 -> 128x256 :  0.318490 ms  1392.368 TFLOPs
7	main	2048	1024	16128	   2048x  1024x 16128 wg=  256 S=4 -> 128x256 :  0.053834 ms  1256.558 TFLOPs
7	pr7	2048	1024	16128	   2048x  1024x 16128 wg=  256 S=4 -> 128x256 :  0.053496 ms  1264.495 TFLOPs
7	main	2048	4096	4096	   2048x  4096x  4096 wg=  256 S=1 -> 128x256 :  0.042754 ms  1607.315 TFLOPs
7	pr7	2048	4096	4096	   2048x  4096x  4096 wg=  256 S=1 -> 128x256 :  0.041964 ms  1637.578 TFLOPs
7	main	2048	128	64	   2048x   128x    64 wg=   16 S=1 -> 128x128 :  0.004002 ms     8.384 TFLOPs
7	pr7	2048	128	64	   2048x   128x    64 wg=    0 S=1 -> 256x256 :  0.008080 ms     4.153 TFLOPs
7	main	2048	128	1840	   2048x   128x  1840 wg=   16 S=1 -> 128x128 :  0.012678 ms    76.092 TFLOPs
7	pr7	2048	128	1840	   2048x   128x  1840 wg=    0 S=1 -> 256x256 :  0.023680 ms    40.739 TFLOPs
8	main	2048	6144	512	   2048x  6144x   512 wg=  256 S=1 -> 128x384 :  0.016858 ms   764.317 TFLOPs
8	pr7	2048	6144	512	   2048x  6144x   512 wg=  256 S=1 -> 128x384 :  0.018844 ms   683.765 TFLOPs
8	main	2048	2048	3490	   2048x  2048x  3490 wg=  256 S=2 -> 128x256 :  0.036446 ms   803.272 TFLOPs
8	pr7	2048	2048	3490	   2048x  2048x  3490 wg=  256 S=2 -> 128x256 :  0.034940 ms   837.896 TFLOPs
8	main	2048	1024	105728	   2048x  1024x105728 wg=  256 S=4 -> 128x256 :  0.319432 ms  1388.263 TFLOPs
8	pr7	2048	1024	105728	   2048x  1024x105728 wg=  256 S=4 -> 128x256 :  0.316902 ms  1399.345 TFLOPs
8	main	2048	1024	16128	   2048x  1024x 16128 wg=  256 S=4 -> 128x256 :  0.053664 ms  1260.537 TFLOPs
8	pr7	2048	1024	16128	   2048x  1024x 16128 wg=  256 S=4 -> 128x256 :  0.052802 ms  1281.118 TFLOPs
8	main	2048	4096	4096	   2048x  4096x  4096 wg=  256 S=1 -> 128x256 :  0.042822 ms  1604.767 TFLOPs
8	pr7	2048	4096	4096	   2048x  4096x  4096 wg=  256 S=1 -> 128x256 :  0.041768 ms  1645.258 TFLOPs
8	main	2048	128	64	   2048x   128x    64 wg=   16 S=1 -> 128x128 :  0.004002 ms     8.384 TFLOPs
8	pr7	2048	128	64	   2048x   128x    64 wg=    0 S=1 -> 256x256 :  0.008088 ms     4.149 TFLOPs
8	main	2048	128	1840	   2048x   128x  1840 wg=   16 S=1 -> 128x128 :  0.012680 ms    76.080 TFLOPs
8	pr7	2048	128	1840	   2048x   128x  1840 wg=    0 S=1 -> 256x256 :  0.023670 ms    40.756 TFLOPs
9	main	2048	6144	512	   2048x  6144x   512 wg=  256 S=1 -> 128x384 :  0.016334 ms   788.839 TFLOPs
9	pr7	2048	6144	512	   2048x  6144x   512 wg=  256 S=1 -> 128x384 :  0.020290 ms   635.032 TFLOPs
9	main	2048	2048	3490	   2048x  2048x  3490 wg=  256 S=2 -> 128x256 :  0.035828 ms   817.130 TFLOPs
9	pr7	2048	2048	3490	   2048x  2048x  3490 wg=  256 S=2 -> 128x256 :  0.035276 ms   829.918 TFLOPs
9	main	2048	1024	105728	   2048x  1024x105728 wg=  256 S=4 -> 128x256 :  0.318550 ms  1392.104 TFLOPs
9	pr7	2048	1024	105728	   2048x  1024x105728 wg=  256 S=4 -> 128x256 :  0.313060 ms  1416.518 TFLOPs
9	main	2048	1024	16128	   2048x  1024x 16128 wg=  256 S=4 -> 128x256 :  0.054948 ms  1231.089 TFLOPs
9	pr7	2048	1024	16128	   2048x  1024x 16128 wg=  256 S=4 -> 128x256 :  0.053068 ms  1274.694 TFLOPs
9	main	2048	4096	4096	   2048x  4096x  4096 wg=  256 S=1 -> 128x256 :  0.043036 ms  1596.785 TFLOPs
9	pr7	2048	4096	4096	   2048x  4096x  4096 wg=  256 S=1 -> 128x256 :  0.043034 ms  1596.870 TFLOPs
9	main	2048	128	64	   2048x   128x    64 wg=   16 S=1 -> 128x128 :  0.004002 ms     8.384 TFLOPs
9	pr7	2048	128	64	   2048x   128x    64 wg=    0 S=1 -> 256x256 :  0.008104 ms     4.140 TFLOPs
9	main	2048	128	1840	   2048x   128x  1840 wg=   16 S=1 -> 128x128 :  0.012702 ms    75.948 TFLOPs
9	pr7	2048	128	1840	   2048x   128x  1840 wg=    0 S=1 -> 256x256 :  0.023680 ms    40.738 TFLOPs
