1	main	2048	1	512	   2048x     1x   512 wg=    0 S=1 -> 256x256 :  0.000184 ms    11.398 TFLOPs
1	pr7	2048	1	512	GPU coredump: execvp failed: No such file or directory
1	main	2048	128	24	   2048x   128x    24 wg=   16 S=1 -> 128x128 :  0.004006 ms     3.141 TFLOPs
1	pr7	2048	128	24	   2048x   128x    24 wg=    0 S=1 -> 256x256 :  0.008044 ms     1.564 TFLOPs
1	main	2048	128	32	   2048x   128x    32 wg=   16 S=1 -> 128x128 :  0.004006 ms     4.188 TFLOPs
1	pr7	2048	128	32	   2048x   128x    32 wg=    0 S=1 -> 256x256 :  0.008066 ms     2.080 TFLOPs
1	main	2048	128	64	   2048x   128x    64 wg=   16 S=1 -> 128x128 :  0.004002 ms     8.384 TFLOPs
1	pr7	2048	128	64	   2048x   128x    64 wg=    0 S=1 -> 256x256 :  0.008076 ms     4.155 TFLOPs
1	main	2048	128	92	   2048x   128x    92 wg=   16 S=1 -> 128x128 :  0.003988 ms    12.095 TFLOPs
1	pr7	2048	128	92	   2048x   128x    92 wg=    0 S=1 -> 256x256 :  0.008060 ms     5.984 TFLOPs
1	main	2048	128	96	   2048x   128x    96 wg=   16 S=1 -> 128x128 :  0.003996 ms    12.596 TFLOPs
1	pr7	2048	128	96	   2048x   128x    96 wg=    0 S=1 -> 256x256 :  0.008066 ms     6.240 TFLOPs
1	main	2048	128	104	   2048x   128x   104 wg=   16 S=1 -> 128x128 :  0.004018 ms    13.570 TFLOPs
1	pr7	2048	128	104	   2048x   128x   104 wg=    0 S=1 -> 256x256 :  0.008074 ms     6.753 TFLOPs
1	main	2048	128	152	   2048x   128x   152 wg=   16 S=1 -> 128x128 :  0.003994 ms    19.953 TFLOPs
1	pr7	2048	128	152	   2048x   128x   152 wg=    0 S=1 -> 256x256 :  0.008078 ms     9.865 TFLOPs
1	main	2048	128	240	   2048x   128x   240 wg=   16 S=1 -> 128x128 :  0.005142 ms    24.471 TFLOPs
1	pr7	2048	128	240	   2048x   128x   240 wg=    0 S=1 -> 256x256 :  0.009748 ms    12.908 TFLOPs
1	main	2048	128	520	   2048x   128x   520 wg=   16 S=1 -> 128x128 :  0.006086 ms    44.796 TFLOPs
1	pr7	2048	128	520	   2048x   128x   520 wg=    0 S=1 -> 256x256 :  0.011478 ms    23.752 TFLOPs
1	main	2048	128	1840	   2048x   128x  1840 wg=   16 S=1 -> 128x128 :  0.012698 ms    75.972 TFLOPs
1	pr7	2048	128	1840	   2048x   128x  1840 wg=    0 S=1 -> 256x256 :  0.023646 ms    40.797 TFLOPs
1	main	2048	256	64	   2048x   256x    64 wg=   16 S=1 -> 128x256 :  0.005220 ms    12.856 TFLOPs
1	pr7	2048	256	64	   2048x   256x    64 wg=   16 S=1 -> 128x256 :  0.004920 ms    13.640 TFLOPs
1	main	2048	256	80	   2048x   256x    80 wg=   16 S=1 -> 128x256 :  0.005240 ms    16.009 TFLOPs
1	pr7	2048	256	80	   2048x   256x    80 wg=   16 S=1 -> 128x256 :  0.004932 ms    17.008 TFLOPs
1	main	2048	256	96	   2048x   256x    96 wg=   16 S=1 -> 128x256 :  0.005218 ms    19.291 TFLOPs
1	pr7	2048	256	96	   2048x   256x    96 wg=   16 S=1 -> 128x256 :  0.004926 ms    20.435 TFLOPs
1	main	2048	256	128	   2048x   256x   128 wg=   16 S=1 -> 128x256 :  0.005236 ms    25.633 TFLOPs
1	pr7	2048	256	128	   2048x   256x   128 wg=   16 S=1 -> 128x256 :  0.004948 ms    27.126 TFLOPs
1	main	2048	256	144	   2048x   256x   144 wg=   16 S=1 -> 128x256 :  0.005214 ms    28.960 TFLOPs
1	pr7	2048	256	144	   2048x   256x   144 wg=   16 S=1 -> 128x256 :  0.004940 ms    30.566 TFLOPs
1	main	2048	256	160	   2048x   256x   160 wg=   16 S=1 -> 128x256 :  0.005218 ms    32.153 TFLOPs
1	pr7	2048	256	160	   2048x   256x   160 wg=   16 S=1 -> 128x256 :  0.004912 ms    34.156 TFLOPs
1	main	2048	256	256	   2048x   256x   256 wg=   16 S=1 -> 128x256 :  0.006772 ms    39.639 TFLOPs
1	pr7	2048	256	256	   2048x   256x   256 wg=   16 S=1 -> 128x256 :  0.006212 ms    43.212 TFLOPs
1	main	2048	256	512	   2048x   256x   512 wg=   16 S=1 -> 128x256 :  0.007942 ms    67.599 TFLOPs
1	pr7	2048	256	512	   2048x   256x   512 wg=   16 S=1 -> 128x256 :  0.007382 ms    72.727 TFLOPs
1	main	2048	256	2048	   2048x   256x  2048 wg=   16 S=1 -> 128x256 :  0.017496 ms   122.741 TFLOPs
1	pr7	2048	256	2048	   2048x   256x  2048 wg=   16 S=1 -> 128x256 :  0.016988 ms   126.411 TFLOPs
1	main	2048	512	2560	   2048x   512x  2560 wg=   32 S=1 -> 128x256 :  0.021312 ms   251.909 TFLOPs
1	pr7	2048	512	2560	   2048x   512x  2560 wg=   32 S=1 -> 128x256 :  0.020748 ms   258.758 TFLOPs
1	main	2048	512	6144	   2048x   512x  6144 wg=  128 S=4 -> 128x256 :  0.024034 ms   536.111 TFLOPs
1	pr7	2048	512	6144	   2048x   512x  6144 wg=  128 S=4 -> 128x256 :  0.023480 ms   548.757 TFLOPs
1	main	2048	768	24	   2048x   768x    24 wg=   48 S=1 -> 128x256 :  0.005500 ms    13.727 TFLOPs
1	pr7	2048	768	24	   2048x   768x    24 wg=   48 S=1 -> 128x256 :  0.005216 ms    14.474 TFLOPs
1	main	2048	768	32	   2048x   768x    32 wg=   48 S=1 -> 128x256 :  0.005494 ms    18.322 TFLOPs
1	pr7	2048	768	32	   2048x   768x    32 wg=   48 S=1 -> 128x256 :  0.005214 ms    19.306 TFLOPs
1	main	2048	768	64	   2048x   768x    64 wg=   48 S=1 -> 128x256 :  0.005496 ms    36.631 TFLOPs
1	pr7	2048	768	64	   2048x   768x    64 wg=   48 S=1 -> 128x256 :  0.005194 ms    38.761 TFLOPs
1	main	2048	768	92	   2048x   768x    92 wg=   48 S=1 -> 128x256 :  0.005518 ms    52.448 TFLOPs
1	pr7	2048	768	92	   2048x   768x    92 wg=   48 S=1 -> 128x256 :  0.005200 ms    55.655 TFLOPs
1	main	2048	768	96	   2048x   768x    96 wg=   48 S=1 -> 128x256 :  0.005522 ms    54.688 TFLOPs
1	pr7	2048	768	96	   2048x   768x    96 wg=   48 S=1 -> 128x256 :  0.005204 ms    58.030 TFLOPs
1	main	2048	768	104	   2048x   768x   104 wg=   48 S=1 -> 128x256 :  0.005502 ms    59.461 TFLOPs
1	pr7	2048	768	104	   2048x   768x   104 wg=   48 S=1 -> 128x256 :  0.005210 ms    62.794 TFLOPs
1	main	2048	768	152	   2048x   768x   152 wg=   48 S=1 -> 128x256 :  0.005498 ms    86.968 TFLOPs
1	pr7	2048	768	152	   2048x   768x   152 wg=   48 S=1 -> 128x256 :  0.005202 ms    91.917 TFLOPs
1	main	2048	768	240	   2048x   768x   240 wg=   48 S=1 -> 128x256 :  0.007086 ms   106.544 TFLOPs
1	pr7	2048	768	240	   2048x   768x   240 wg=   48 S=1 -> 128x256 :  0.006486 ms   116.401 TFLOPs
1	main	2048	768	520	   2048x   768x   520 wg=   48 S=1 -> 128x256 :  0.008226 ms   198.853 TFLOPs
1	pr7	2048	768	520	   2048x   768x   520 wg=   48 S=1 -> 128x256 :  0.007660 ms   213.548 TFLOPs
1	main	2048	768	1840	   2048x   768x  1840 wg=   48 S=1 -> 128x256 :  0.016746 ms   345.641 TFLOPs
1	pr7	2048	768	1840	   2048x   768x  1840 wg=   48 S=1 -> 128x256 :  0.016134 ms   358.754 TFLOPs
1	main	2048	1024	1024	   2048x  1024x  1024 wg=   64 S=1 -> 128x256 :  0.012036 ms   356.842 TFLOPs
1	pr7	2048	1024	1024	   2048x  1024x  1024 wg=   64 S=1 -> 128x256 :  0.011440 ms   375.433 TFLOPs
1	main	2048	1024	3490	   2048x  1024x  3490 wg=  128 S=2 -> 128x256 :  0.027208 ms   538.006 TFLOPs
1	pr7	2048	1024	3490	   2048x  1024x  3490 wg=  128 S=2 -> 128x256 :  0.026726 ms   547.710 TFLOPs
1	main	2048	1024	12288	   2048x  1024x 12288 wg=  256 S=4 -> 128x256 :  0.045472 ms  1133.431 TFLOPs
1	pr7	2048	1024	12288	   2048x  1024x 12288 wg=  256 S=4 -> 128x256 :  0.045326 ms  1137.083 TFLOPs
1	main	2048	1024	16128	   2048x  1024x 16128 wg=  256 S=4 -> 128x256 :  0.053522 ms  1263.884 TFLOPs
1	pr7	2048	1024	16128	   2048x  1024x 16128 wg=  256 S=4 -> 128x256 :  0.053076 ms  1274.503 TFLOPs
1	main	2048	1024	105728	   2048x  1024x105728 wg=  256 S=4 -> 128x256 :  0.315436 ms  1405.849 TFLOPs
1	pr7	2048	1024	105728	   2048x  1024x105728 wg=  256 S=4 -> 128x256 :  0.319196 ms  1389.289 TFLOPs
1	main	2048	2048	3490	   2048x  2048x  3490 wg=  256 S=2 -> 128x256 :  0.035488 ms   824.962 TFLOPs
1	pr7	2048	2048	3490	   2048x  2048x  3490 wg=  256 S=2 -> 128x256 :  0.035960 ms   814.130 TFLOPs
1	main	2048	3490	1024	   2048x  3490x  1024 wg=  104 S=1 -> 256x256 :  0.019798 ms   739.372 TFLOPs
1	pr7	2048	3490	1024	   2048x  3490x  1024 wg=  104 S=1 -> 256x256 :  0.019678 ms   743.879 TFLOPs
1	main	2048	4096	4096	   2048x  4096x  4096 wg=  256 S=1 -> 128x256 :  0.043112 ms  1593.979 TFLOPs
1	pr7	2048	4096	4096	   2048x  4096x  4096 wg=  256 S=1 -> 128x256 :  0.042622 ms  1612.295 TFLOPs
1	main	2048	6144	512	   2048x  6144x   512 wg=  256 S=1 -> 128x384 :  0.016978 ms   758.911 TFLOPs
1	pr7	2048	6144	512	   2048x  6144x   512 wg=  256 S=1 -> 128x384 :  0.014724 ms   875.092 TFLOPs
1	main	2048	6144	4096	   2048x  6144x  4096 wg=  256 S=1 -> 128x384 :  0.057564 ms  1790.681 TFLOPs
1	pr7	2048	6144	4096	   2048x  6144x  4096 wg=  256 S=1 -> 128x384 :  0.052210 ms  1974.314 TFLOPs
1	main	2048	6144	16128	   2048x  6144x 16128 wg=  256 S=1 -> 128x384 :  0.206005 ms  1970.217 TFLOPs
1	pr7	2048	6144	16128	   2048x  6144x 16128 wg=  256 S=1 -> 128x384 :  0.199125 ms  2038.294 TFLOPs
1	main	2048	6144	105728	   2048x  6144x105728 wg=  768 S=1 -> 128x128 :  1.897440 ms  1402.275 TFLOPs
1	pr7	2048	6144	105728	   2048x  6144x105728 wg=  256 S=1 -> 128x384 :  1.315137 ms  2023.159 TFLOPs
1	main	2048	12672	1024	   2048x 12672x  1024 wg=  528 S=1 -> 128x384 :  0.053844 ms   987.113 TFLOPs
1	pr7	2048	12672	1024	   2048x 12672x  1024 wg=  528 S=1 -> 128x384 :  0.050700 ms  1048.331 TFLOPs
1	main	2048	16128	1024	   2048x 16128x  1024 wg=  504 S=1 -> 256x256 :  0.054112 ms  1250.104 TFLOPs
1	pr7	2048	16128	1024	   2048x 16128x  1024 wg=  504 S=1 -> 256x256 :  0.047308 ms  1429.893 TFLOPs
1	main	2048	16384	1024	   2048x 16384x  1024 wg=  512 S=1 -> 256x256 :  0.055538 ms  1237.337 TFLOPs
1	pr7	2048	16384	1024	   2048x 16384x  1024 wg=  512 S=1 -> 256x256 :  0.047918 ms  1434.103 TFLOPs
1	main	2048	20480	6144	   2048x 20480x  6144 wg=  640 S=1 -> 256x256 :  0.274651 ms  1876.547 TFLOPs
1	pr7	2048	20480	6144	   2048x 20480x  6144 wg=  640 S=1 -> 256x256 :  0.265663 ms  1940.037 TFLOPs
1	main	2048	102272	1024	   2048x102272x  1024 wg=12784 S=1 -> 128x128 :  0.427017 ms  1004.549 TFLOPs
1	pr7	2048	102272	1024	   2048x102272x  1024 wg= 3192 S=1 -> 256x256 :  0.329416 ms  1302.185 TFLOPs
1	main	2048	105728	1024	   2048x105728x  1024 wg= 3304 S=1 -> 256x256 :  0.376150 ms  1178.933 TFLOPs
1	pr7	2048	105728	1024	   2048x105728x  1024 wg= 3304 S=1 -> 256x256 :  0.333310 ms  1330.461 TFLOPs
2	main	2048	1	512	   2048x     1x   512 wg=    0 S=1 -> 256x256 :  0.000182 ms    11.523 TFLOPs
2	pr7	2048	1	512	GPU coredump: execvp failed: No such file or directory
2	main	2048	128	24	   2048x   128x    24 wg=   16 S=1 -> 128x128 :  0.003994 ms     3.150 TFLOPs
2	pr7	2048	128	24	   2048x   128x    24 wg=    0 S=1 -> 256x256 :  0.008078 ms     1.558 TFLOPs
2	main	2048	128	32	   2048x   128x    32 wg=   16 S=1 -> 128x128 :  0.004010 ms     4.184 TFLOPs
2	pr7	2048	128	32	   2048x   128x    32 wg=    0 S=1 -> 256x256 :  0.008086 ms     2.075 TFLOPs
2	main	2048	128	64	   2048x   128x    64 wg=   16 S=1 -> 128x128 :  0.003980 ms     8.431 TFLOPs
2	pr7	2048	128	64	   2048x   128x    64 wg=    0 S=1 -> 256x256 :  0.008084 ms     4.151 TFLOPs
2	main	2048	128	92	   2048x   128x    92 wg=   16 S=1 -> 128x128 :  0.004028 ms    11.975 TFLOPs
2	pr7	2048	128	92	   2048x   128x    92 wg=    0 S=1 -> 256x256 :  0.008076 ms     5.973 TFLOPs
2	main	2048	128	96	   2048x   128x    96 wg=   16 S=1 -> 128x128 :  0.003982 ms    12.640 TFLOPs
2	pr7	2048	128	96	   2048x   128x    96 wg=    0 S=1 -> 256x256 :  0.008080 ms     6.229 TFLOPs
2	main	2048	128	104	   2048x   128x   104 wg=   16 S=1 -> 128x128 :  0.003976 ms    13.714 TFLOPs
2	pr7	2048	128	104	   2048x   128x   104 wg=    0 S=1 -> 256x256 :  0.008100 ms     6.732 TFLOPs
2	main	2048	128	152	   2048x   128x   152 wg=   16 S=1 -> 128x128 :  0.004016 ms    19.844 TFLOPs
2	pr7	2048	128	152	   2048x   128x   152 wg=    0 S=1 -> 256x256 :  0.008070 ms     9.875 TFLOPs
2	main	2048	128	240	   2048x   128x   240 wg=   16 S=1 -> 128x128 :  0.005118 ms    24.586 TFLOPs
2	pr7	2048	128	240	   2048x   128x   240 wg=    0 S=1 -> 256x256 :  0.009766 ms    12.884 TFLOPs
2	main	2048	128	520	   2048x   128x   520 wg=   16 S=1 -> 128x128 :  0.006090 ms    44.767 TFLOPs
2	pr7	2048	128	520	   2048x   128x   520 wg=    0 S=1 -> 256x256 :  0.011498 ms    23.711 TFLOPs
2	main	2048	128	1840	   2048x   128x  1840 wg=   16 S=1 -> 128x128 :  0.012698 ms    75.972 TFLOPs
2	pr7	2048	128	1840	   2048x   128x  1840 wg=    0 S=1 -> 256x256 :  0.023668 ms    40.759 TFLOPs
2	main	2048	256	64	   2048x   256x    64 wg=   16 S=1 -> 128x256 :  0.005224 ms    12.846 TFLOPs
2	pr7	2048	256	64	   2048x   256x    64 wg=   16 S=1 -> 128x256 :  0.004928 ms    13.618 TFLOPs
2	main	2048	256	80	   2048x   256x    80 wg=   16 S=1 -> 128x256 :  0.005218 ms    16.076 TFLOPs
2	pr7	2048	256	80	   2048x   256x    80 wg=   16 S=1 -> 128x256 :  0.004918 ms    17.057 TFLOPs
2	main	2048	256	96	   2048x   256x    96 wg=   16 S=1 -> 128x256 :  0.005218 ms    19.292 TFLOPs
2	pr7	2048	256	96	   2048x   256x    96 wg=   16 S=1 -> 128x256 :  0.004912 ms    20.493 TFLOPs
2	main	2048	256	128	   2048x   256x   128 wg=   16 S=1 -> 128x256 :  0.005226 ms    25.682 TFLOPs
2	pr7	2048	256	128	   2048x   256x   128 wg=   16 S=1 -> 128x256 :  0.004916 ms    27.302 TFLOPs
2	main	2048	256	144	   2048x   256x   144 wg=   16 S=1 -> 128x256 :  0.005226 ms    28.893 TFLOPs
2	pr7	2048	256	144	   2048x   256x   144 wg=   16 S=1 -> 128x256 :  0.004916 ms    30.715 TFLOPs
2	main	2048	256	160	   2048x   256x   160 wg=   16 S=1 -> 128x256 :  0.005234 ms    32.054 TFLOPs
2	pr7	2048	256	160	   2048x   256x   160 wg=   16 S=1 -> 128x256 :  0.004914 ms    34.142 TFLOPs
2	main	2048	256	256	   2048x   256x   256 wg=   16 S=1 -> 128x256 :  0.006780 ms    39.592 TFLOPs
2	pr7	2048	256	256	   2048x   256x   256 wg=   16 S=1 -> 128x256 :  0.006198 ms    43.310 TFLOPs
2	main	2048	256	512	   2048x   256x   512 wg=   16 S=1 -> 128x256 :  0.007952 ms    67.514 TFLOPs
2	pr7	2048	256	512	   2048x   256x   512 wg=   16 S=1 -> 128x256 :  0.007390 ms    72.648 TFLOPs
2	main	2048	256	2048	   2048x   256x  2048 wg=   16 S=1 -> 128x256 :  0.017500 ms   122.712 TFLOPs
2	pr7	2048	256	2048	   2048x   256x  2048 wg=   16 S=1 -> 128x256 :  0.017018 ms   126.189 TFLOPs
2	main	2048	512	2560	   2048x   512x  2560 wg=   32 S=1 -> 128x256 :  0.021282 ms   252.265 TFLOPs
2	pr7	2048	512	2560	   2048x   512x  2560 wg=   32 S=1 -> 128x256 :  0.020738 ms   258.882 TFLOPs
2	main	2048	512	6144	   2048x   512x  6144 wg=  128 S=4 -> 128x256 :  0.024036 ms   536.065 TFLOPs
2	pr7	2048	512	6144	   2048x   512x  6144 wg=  128 S=4 -> 128x256 :  0.023518 ms   547.871 TFLOPs
2	main	2048	768	24	   2048x   768x    24 wg=   48 S=1 -> 128x256 :  0.005500 ms    13.727 TFLOPs
2	pr7	2048	768	24	   2048x   768x    24 wg=   48 S=1 -> 128x256 :  0.005220 ms    14.463 TFLOPs
2	main	2048	768	32	   2048x   768x    32 wg=   48 S=1 -> 128x256 :  0.005498 ms    18.309 TFLOPs
2	pr7	2048	768	32	   2048x   768x    32 wg=   48 S=1 -> 128x256 :  0.005222 ms    19.277 TFLOPs
2	main	2048	768	64	   2048x   768x    64 wg=   48 S=1 -> 128x256 :  0.005482 ms    36.725 TFLOPs
2	pr7	2048	768	64	   2048x   768x    64 wg=   48 S=1 -> 128x256 :  0.005216 ms    38.598 TFLOPs
2	main	2048	768	92	   2048x   768x    92 wg=   48 S=1 -> 128x256 :  0.005500 ms    52.619 TFLOPs
2	pr7	2048	768	92	   2048x   768x    92 wg=   48 S=1 -> 128x256 :  0.005208 ms    55.570 TFLOPs
2	main	2048	768	96	   2048x   768x    96 wg=   48 S=1 -> 128x256 :  0.005508 ms    54.828 TFLOPs
2	pr7	2048	768	96	   2048x   768x    96 wg=   48 S=1 -> 128x256 :  0.005206 ms    58.008 TFLOPs
2	main	2048	768	104	   2048x   768x   104 wg=   48 S=1 -> 128x256 :  0.005510 ms    59.375 TFLOPs
2	pr7	2048	768	104	   2048x   768x   104 wg=   48 S=1 -> 128x256 :  0.005206 ms    62.842 TFLOPs
2	main	2048	768	152	   2048x   768x   152 wg=   48 S=1 -> 128x256 :  0.005504 ms    86.873 TFLOPs
2	pr7	2048	768	152	   2048x   768x   152 wg=   48 S=1 -> 128x256 :  0.005210 ms    91.776 TFLOPs
2	main	2048	768	240	   2048x   768x   240 wg=   48 S=1 -> 128x256 :  0.007066 ms   106.846 TFLOPs
2	pr7	2048	768	240	   2048x   768x   240 wg=   48 S=1 -> 128x256 :  0.006480 ms   116.508 TFLOPs
2	main	2048	768	520	   2048x   768x   520 wg=   48 S=1 -> 128x256 :  0.008238 ms   198.565 TFLOPs
2	pr7	2048	768	520	   2048x   768x   520 wg=   48 S=1 -> 128x256 :  0.007674 ms   213.159 TFLOPs
2	main	2048	768	1840	   2048x   768x  1840 wg=   48 S=1 -> 128x256 :  0.016750 ms   345.560 TFLOPs
2	pr7	2048	768	1840	   2048x   768x  1840 wg=   48 S=1 -> 128x256 :  0.016170 ms   357.953 TFLOPs
2	main	2048	1024	1024	   2048x  1024x  1024 wg=   64 S=1 -> 128x256 :  0.012038 ms   356.783 TFLOPs
2	pr7	2048	1024	1024	   2048x  1024x  1024 wg=   64 S=1 -> 128x256 :  0.011458 ms   374.844 TFLOPs
2	main	2048	1024	3490	   2048x  1024x  3490 wg=  128 S=2 -> 128x256 :  0.027252 ms   537.137 TFLOPs
2	pr7	2048	1024	3490	   2048x  1024x  3490 wg=  128 S=2 -> 128x256 :  0.026684 ms   548.572 TFLOPs
2	main	2048	1024	12288	   2048x  1024x 12288 wg=  256 S=4 -> 128x256 :  0.045042 ms  1144.259 TFLOPs
2	pr7	2048	1024	12288	   2048x  1024x 12288 wg=  256 S=4 -> 128x256 :  0.044864 ms  1148.795 TFLOPs
2	main	2048	1024	16128	   2048x  1024x 16128 wg=  256 S=4 -> 128x256 :  0.053068 ms  1274.696 TFLOPs
2	pr7	2048	1024	16128	   2048x  1024x 16128 wg=  256 S=4 -> 128x256 :  0.053316 ms  1268.766 TFLOPs
2	main	2048	1024	105728	   2048x  1024x105728 wg=  256 S=4 -> 128x256 :  0.317004 ms  1398.893 TFLOPs
2	pr7	2048	1024	105728	   2048x  1024x105728 wg=  256 S=4 -> 128x256 :  0.317106 ms  1398.446 TFLOPs
2	main	2048	2048	3490	   2048x  2048x  3490 wg=  256 S=2 -> 128x256 :  0.035276 ms   829.915 TFLOPs
2	pr7	2048	2048	3490	   2048x  2048x  3490 wg=  256 S=2 -> 128x256 :  0.035702 ms   820.013 TFLOPs
2	main	2048	3490	1024	   2048x  3490x  1024 wg=  104 S=1 -> 256x256 :  0.019840 ms   737.807 TFLOPs
2	pr7	2048	3490	1024	   2048x  3490x  1024 wg=  104 S=1 -> 256x256 :  0.019540 ms   749.134 TFLOPs
2	main	2048	4096	4096	   2048x  4096x  4096 wg=  256 S=1 -> 128x256 :  0.042432 ms  1619.514 TFLOPs
2	pr7	2048	4096	4096	   2048x  4096x  4096 wg=  256 S=1 -> 128x256 :  0.040978 ms  1676.979 TFLOPs
2	main	2048	6144	512	   2048x  6144x   512 wg=  256 S=1 -> 128x384 :  0.016458 ms   782.894 TFLOPs
2	pr7	2048	6144	512	   2048x  6144x   512 wg=  256 S=1 -> 128x384 :  0.018410 ms   699.886 TFLOPs
2	main	2048	6144	4096	   2048x  6144x  4096 wg=  256 S=1 -> 128x384 :  0.058926 ms  1749.293 TFLOPs
2	pr7	2048	6144	4096	   2048x  6144x  4096 wg=  256 S=1 -> 128x384 :  0.051076 ms  2018.146 TFLOPs
2	main	2048	6144	16128	   2048x  6144x 16128 wg=  256 S=1 -> 128x384 :  0.206386 ms  1966.579 TFLOPs
2	pr7	2048	6144	16128	   2048x  6144x 16128 wg=  256 S=1 -> 128x384 :  0.198793 ms  2041.697 TFLOPs
2	main	2048	6144	105728	   2048x  6144x105728 wg=  768 S=1 -> 128x128 :  1.898198 ms  1401.715 TFLOPs
2	pr7	2048	6144	105728	   2048x  6144x105728 wg=  256 S=1 -> 128x384 :  1.317040 ms  2020.237 TFLOPs
2	main	2048	12672	1024	   2048x 12672x  1024 wg=  528 S=1 -> 128x384 :  0.055232 ms   962.307 TFLOPs
2	pr7	2048	12672	1024	   2048x 12672x  1024 wg=  528 S=1 -> 128x384 :  0.050854 ms  1045.147 TFLOPs
2	main	2048	16128	1024	   2048x 16128x  1024 wg=  504 S=1 -> 256x256 :  0.051674 ms  1309.079 TFLOPs
2	pr7	2048	16128	1024	   2048x 16128x  1024 wg=  504 S=1 -> 256x256 :  0.051204 ms  1321.095 TFLOPs
2	main	2048	16384	1024	   2048x 16384x  1024 wg=  512 S=1 -> 256x256 :  0.054158 ms  1268.863 TFLOPs
2	pr7	2048	16384	1024	   2048x 16384x  1024 wg=  512 S=1 -> 256x256 :  0.050764 ms  1353.698 TFLOPs
2	main	2048	20480	6144	   2048x 20480x  6144 wg=  640 S=1 -> 256x256 :  0.275003 ms  1874.144 TFLOPs
2	pr7	2048	20480	6144	   2048x 20480x  6144 wg=  640 S=1 -> 256x256 :  0.261114 ms  1973.838 TFLOPs
2	main	2048	102272	1024	   2048x102272x  1024 wg=12784 S=1 -> 128x128 :  0.424402 ms  1010.739 TFLOPs
2	pr7	2048	102272	1024	   2048x102272x  1024 wg= 3192 S=1 -> 256x256 :  0.333703 ms  1285.452 TFLOPs
2	main	2048	105728	1024	   2048x105728x  1024 wg= 3304 S=1 -> 256x256 :  0.375637 ms  1180.542 TFLOPs
2	pr7	2048	105728	1024	   2048x105728x  1024 wg= 3304 S=1 -> 256x256 :  0.333290 ms  1330.540 TFLOPs
3	main	2048	1	512	   2048x     1x   512 wg=    0 S=1 -> 256x256 :  0.000182 ms    11.523 TFLOPs
3	pr7	2048	1	512	GPU coredump: execvp failed: No such file or directory
3	main	2048	128	24	   2048x   128x    24 wg=   16 S=1 -> 128x128 :  0.004002 ms     3.144 TFLOPs
3	pr7	2048	128	24	   2048x   128x    24 wg=    0 S=1 -> 256x256 :  0.008058 ms     1.562 TFLOPs
3	main	2048	128	32	   2048x   128x    32 wg=   16 S=1 -> 128x128 :  0.003992 ms     4.203 TFLOPs
3	pr7	2048	128	32	   2048x   128x    32 wg=    0 S=1 -> 256x256 :  0.008090 ms     2.074 TFLOPs
3	main	2048	128	64	   2048x   128x    64 wg=   16 S=1 -> 128x128 :  0.003994 ms     8.401 TFLOPs
3	pr7	2048	128	64	   2048x   128x    64 wg=    0 S=1 -> 256x256 :  0.008084 ms     4.151 TFLOPs
3	main	2048	128	92	   2048x   128x    92 wg=   16 S=1 -> 128x128 :  0.003976 ms    12.131 TFLOPs
3	pr7	2048	128	92	   2048x   128x    92 wg=    0 S=1 -> 256x256 :  0.008070 ms     5.977 TFLOPs
3	main	2048	128	96	   2048x   128x    96 wg=   16 S=1 -> 128x128 :  0.003990 ms    12.614 TFLOPs
3	pr7	2048	128	96	   2048x   128x    96 wg=    0 S=1 -> 256x256 :  0.008084 ms     6.226 TFLOPs
3	main	2048	128	104	   2048x   128x   104 wg=   16 S=1 -> 128x128 :  0.003982 ms    13.693 TFLOPs
3	pr7	2048	128	104	   2048x   128x   104 wg=    0 S=1 -> 256x256 :  0.008092 ms     6.738 TFLOPs
3	main	2048	128	152	   2048x   128x   152 wg=   16 S=1 -> 128x128 :  0.004012 ms    19.863 TFLOPs
3	pr7	2048	128	152	   2048x   128x   152 wg=    0 S=1 -> 256x256 :  0.008092 ms     9.848 TFLOPs
3	main	2048	128	240	   2048x   128x   240 wg=   16 S=1 -> 128x128 :  0.005116 ms    24.595 TFLOPs
3	pr7	2048	128	240	   2048x   128x   240 wg=    0 S=1 -> 256x256 :  0.009748 ms    12.908 TFLOPs
3	main	2048	128	520	   2048x   128x   520 wg=   16 S=1 -> 128x128 :  0.006082 ms    44.826 TFLOPs
3	pr7	2048	128	520	   2048x   128x   520 wg=    0 S=1 -> 256x256 :  0.011480 ms    23.748 TFLOPs
3	main	2048	128	1840	   2048x   128x  1840 wg=   16 S=1 -> 128x128 :  0.012706 ms    75.924 TFLOPs
3	pr7	2048	128	1840	   2048x   128x  1840 wg=    0 S=1 -> 256x256 :  0.023656 ms    40.780 TFLOPs
3	main	2048	256	64	   2048x   256x    64 wg=   16 S=1 -> 128x256 :  0.005230 ms    12.832 TFLOPs
3	pr7	2048	256	64	   2048x   256x    64 wg=   16 S=1 -> 128x256 :  0.004950 ms    13.557 TFLOPs
3	main	2048	256	80	   2048x   256x    80 wg=   16 S=1 -> 128x256 :  0.005232 ms    16.033 TFLOPs
3	pr7	2048	256	80	   2048x   256x    80 wg=   16 S=1 -> 128x256 :  0.004916 ms    17.064 TFLOPs
3	main	2048	256	96	   2048x   256x    96 wg=   16 S=1 -> 128x256 :  0.005242 ms    19.203 TFLOPs
3	pr7	2048	256	96	   2048x   256x    96 wg=   16 S=1 -> 128x256 :  0.004938 ms    20.385 TFLOPs
3	main	2048	256	128	   2048x   256x   128 wg=   16 S=1 -> 128x256 :  0.005246 ms    25.585 TFLOPs
3	pr7	2048	256	128	   2048x   256x   128 wg=   16 S=1 -> 128x256 :  0.004926 ms    27.247 TFLOPs
3	main	2048	256	144	   2048x   256x   144 wg=   16 S=1 -> 128x256 :  0.005228 ms    28.882 TFLOPs
3	pr7	2048	256	144	   2048x   256x   144 wg=   16 S=1 -> 128x256 :  0.004918 ms    30.703 TFLOPs
3	main	2048	256	160	   2048x   256x   160 wg=   16 S=1 -> 128x256 :  0.005230 ms    32.078 TFLOPs
3	pr7	2048	256	160	   2048x   256x   160 wg=   16 S=1 -> 128x256 :  0.004938 ms    33.976 TFLOPs
3	main	2048	256	256	   2048x   256x   256 wg=   16 S=1 -> 128x256 :  0.006794 ms    39.511 TFLOPs
3	pr7	2048	256	256	   2048x   256x   256 wg=   16 S=1 -> 128x256 :  0.006218 ms    43.171 TFLOPs
3	main	2048	256	512	   2048x   256x   512 wg=   16 S=1 -> 128x256 :  0.007934 ms    67.667 TFLOPs
3	pr7	2048	256	512	   2048x   256x   512 wg=   16 S=1 -> 128x256 :  0.007384 ms    72.707 TFLOPs
3	main	2048	256	2048	   2048x   256x  2048 wg=   16 S=1 -> 128x256 :  0.017494 ms   122.755 TFLOPs
3	pr7	2048	256	2048	   2048x   256x  2048 wg=   16 S=1 -> 128x256 :  0.016998 ms   126.337 TFLOPs
3	main	2048	512	2560	   2048x   512x  2560 wg=   32 S=1 -> 128x256 :  0.021294 ms   252.123 TFLOPs
3	pr7	2048	512	2560	   2048x   512x  2560 wg=   32 S=1 -> 128x256 :  0.020716 ms   259.156 TFLOPs
3	main	2048	512	6144	   2048x   512x  6144 wg=  128 S=4 -> 128x256 :  0.024000 ms   536.870 TFLOPs
3	pr7	2048	512	6144	   2048x   512x  6144 wg=  128 S=4 -> 128x256 :  0.023506 ms   548.153 TFLOPs
3	main	2048	768	24	   2048x   768x    24 wg=   48 S=1 -> 128x256 :  0.005506 ms    13.712 TFLOPs
3	pr7	2048	768	24	   2048x   768x    24 wg=   48 S=1 -> 128x256 :  0.005196 ms    14.530 TFLOPs
3	main	2048	768	32	   2048x   768x    32 wg=   48 S=1 -> 128x256 :  0.005504 ms    18.289 TFLOPs
3	pr7	2048	768	32	   2048x   768x    32 wg=   48 S=1 -> 128x256 :  0.005196 ms    19.373 TFLOPs
3	main	2048	768	64	   2048x   768x    64 wg=   48 S=1 -> 128x256 :  0.005504 ms    36.578 TFLOPs
3	pr7	2048	768	64	   2048x   768x    64 wg=   48 S=1 -> 128x256 :  0.005208 ms    38.657 TFLOPs
3	main	2048	768	92	   2048x   768x    92 wg=   48 S=1 -> 128x256 :  0.005502 ms    52.600 TFLOPs
3	pr7	2048	768	92	   2048x   768x    92 wg=   48 S=1 -> 128x256 :  0.005202 ms    55.634 TFLOPs
3	main	2048	768	96	   2048x   768x    96 wg=   48 S=1 -> 128x256 :  0.005504 ms    54.867 TFLOPs
3	pr7	2048	768	96	   2048x   768x    96 wg=   48 S=1 -> 128x256 :  0.005220 ms    57.852 TFLOPs
3	main	2048	768	104	   2048x   768x   104 wg=   48 S=1 -> 128x256 :  0.005516 ms    59.310 TFLOPs
3	pr7	2048	768	104	   2048x   768x   104 wg=   48 S=1 -> 128x256 :  0.005192 ms    63.011 TFLOPs
3	main	2048	768	152	   2048x   768x   152 wg=   48 S=1 -> 128x256 :  0.005490 ms    87.095 TFLOPs
3	pr7	2048	768	152	   2048x   768x   152 wg=   48 S=1 -> 128x256 :  0.005196 ms    92.023 TFLOPs
3	main	2048	768	240	   2048x   768x   240 wg=   48 S=1 -> 128x256 :  0.007048 ms   107.119 TFLOPs
3	pr7	2048	768	240	   2048x   768x   240 wg=   48 S=1 -> 128x256 :  0.006490 ms   116.329 TFLOPs
3	main	2048	768	520	   2048x   768x   520 wg=   48 S=1 -> 128x256 :  0.008250 ms   198.279 TFLOPs
3	pr7	2048	768	520	   2048x   768x   520 wg=   48 S=1 -> 128x256 :  0.007662 ms   213.492 TFLOPs
3	main	2048	768	1840	   2048x   768x  1840 wg=   48 S=1 -> 128x256 :  0.016742 ms   345.726 TFLOPs
3	pr7	2048	768	1840	   2048x   768x  1840 wg=   48 S=1 -> 128x256 :  0.016158 ms   358.219 TFLOPs
3	main	2048	1024	1024	   2048x  1024x  1024 wg=   64 S=1 -> 128x256 :  0.012038 ms   356.781 TFLOPs
3	pr7	2048	1024	1024	   2048x  1024x  1024 wg=   64 S=1 -> 128x256 :  0.011458 ms   374.844 TFLOPs
3	main	2048	1024	3490	   2048x  1024x  3490 wg=  128 S=2 -> 128x256 :  0.027250 ms   537.176 TFLOPs
3	pr7	2048	1024	3490	   2048x  1024x  3490 wg=  128 S=2 -> 128x256 :  0.026758 ms   547.054 TFLOPs
3	main	2048	1024	12288	   2048x  1024x 12288 wg=  256 S=4 -> 128x256 :  0.046096 ms  1118.090 TFLOPs
3	pr7	2048	1024	12288	   2048x  1024x 12288 wg=  256 S=4 -> 128x256 :  0.045010 ms  1145.069 TFLOPs
3	main	2048	1024	16128	   2048x  1024x 16128 wg=  256 S=4 -> 128x256 :  0.053250 ms  1270.337 TFLOPs
3	pr7	2048	1024	16128	   2048x  1024x 16128 wg=  256 S=4 -> 128x256 :  0.053246 ms  1270.432 TFLOPs
3	main	2048	1024	105728	   2048x  1024x105728 wg=  256 S=4 -> 128x256 :  0.314104 ms  1411.810 TFLOPs
3	pr7	2048	1024	105728	   2048x  1024x105728 wg=  256 S=4 -> 128x256 :  0.316932 ms  1399.213 TFLOPs
3	main	2048	2048	3490	   2048x  2048x  3490 wg=  256 S=2 -> 128x256 :  0.035642 ms   821.397 TFLOPs
3	pr7	2048	2048	3490	   2048x  2048x  3490 wg=  256 S=2 -> 128x256 :  0.036234 ms   807.975 TFLOPs
3	main	2048	3490	1024	   2048x  3490x  1024 wg=  104 S=1 -> 256x256 :  0.019850 ms   737.433 TFLOPs
3	pr7	2048	3490	1024	   2048x  3490x  1024 wg=  104 S=1 -> 256x256 :  0.019642 ms   745.244 TFLOPs
3	main	2048	4096	4096	   2048x  4096x  4096 wg=  256 S=1 -> 128x256 :  0.042678 ms  1610.174 TFLOPs
3	pr7	2048	4096	4096	   2048x  4096x  4096 wg=  256 S=1 -> 128x256 :  0.042106 ms  1632.055 TFLOPs
3	main	2048	6144	512	   2048x  6144x   512 wg=  256 S=1 -> 128x384 :  0.016704 ms   771.366 TFLOPs
3	pr7	2048	6144	512	   2048x  6144x   512 wg=  256 S=1 -> 128x384 :  0.018532 ms   695.277 TFLOPs
3	main	2048	6144	4096	   2048x  6144x  4096 wg=  256 S=1 -> 128x384 :  0.057414 ms  1795.358 TFLOPs
3	pr7	2048	6144	4096	   2048x  6144x  4096 wg=  256 S=1 -> 128x384 :  0.051084 ms  2017.830 TFLOPs
3	main	2048	6144	16128	   2048x  6144x 16128 wg=  256 S=1 -> 128x384 :  0.203787 ms  1991.662 TFLOPs
3	pr7	2048	6144	16128	   2048x  6144x 16128 wg=  256 S=1 -> 128x384 :  0.199806 ms  2031.346 TFLOPs
3	main	2048	6144	105728	   2048x  6144x105728 wg=  768 S=1 -> 128x128 :  1.892878 ms  1405.654 TFLOPs
3	pr7	2048	6144	105728	   2048x  6144x105728 wg=  256 S=1 -> 128x384 :  1.308170 ms  2033.935 TFLOPs
3	main	2048	12672	1024	   2048x 12672x  1024 wg=  528 S=1 -> 128x384 :  0.054576 ms   973.880 TFLOPs
3	pr7	2048	12672	1024	   2048x 12672x  1024 wg=  528 S=1 -> 128x384 :  0.050128 ms  1060.284 TFLOPs
3	main	2048	16128	1024	   2048x 16128x  1024 wg=  504 S=1 -> 256x256 :  0.054366 ms  1244.262 TFLOPs
3	pr7	2048	16128	1024	   2048x 16128x  1024 wg=  504 S=1 -> 256x256 :  0.050260 ms  1345.912 TFLOPs
3	main	2048	16384	1024	   2048x 16384x  1024 wg=  512 S=1 -> 256x256 :  0.054878 ms  1252.216 TFLOPs
3	pr7	2048	16384	1024	   2048x 16384x  1024 wg=  512 S=1 -> 256x256 :  0.048968 ms  1403.349 TFLOPs
3	main	2048	20480	6144	   2048x 20480x  6144 wg=  640 S=1 -> 256x256 :  0.273901 ms  1881.686 TFLOPs
3	pr7	2048	20480	6144	   2048x 20480x  6144 wg=  640 S=1 -> 256x256 :  0.263041 ms  1959.375 TFLOPs
3	main	2048	102272	1024	   2048x102272x  1024 wg=12784 S=1 -> 128x128 :  0.426422 ms  1005.951 TFLOPs
3	pr7	2048	102272	1024	   2048x102272x  1024 wg= 3192 S=1 -> 256x256 :  0.331477 ms  1294.084 TFLOPs
3	main	2048	105728	1024	   2048x105728x  1024 wg= 3304 S=1 -> 256x256 :  0.374526 ms  1184.045 TFLOPs
3	pr7	2048	105728	1024	   2048x105728x  1024 wg= 3304 S=1 -> 256x256 :  0.336567 ms  1317.585 TFLOPs
